month,Ols,Enet,EnetVal,RidgeVal,Combine,Cenet
1985-01,-0.014910235470168565,-0.014226138017638335,-0.0009384425177973478,-0.006173725025529819,0.003215043423762446,0.0017372888888888892
1985-02,0.005484528916375797,-0.003515727281396583,-0.0004464240708016553,-0.004123038963262993,0.003152852924291385,0.0076717157738810495
1985-03,-0.011441896980889987,-0.015065618440091952,-0.00030740176431954917,-0.006861093443148322,0.0021418104039329523,-4.8110178952243586e-05
1985-04,-0.01756530166733089,-0.005003656464830558,-0.0004318627356433378,-0.002890634461020305,0.002682999084574522,0.002101693989071038
1985-05,0.003063084028539942,0.0067413551473695515,-0.00041573440302931225,7.924002591851165e-05,0.003484002982224663,0.0020310108695652178
1985-06,0.0012864882384632792,0.006037890018581266,0.00017159724411353397,-0.0005489505744278311,0.0038279347258817916,0.0023234918918918924
1985-07,-0.004907436650444186,-0.004507257140624568,0.00015582346179505643,-0.0022621110768967084,0.003087170639692309,0.0023678010752688178
1985-08,0.0037045191065328,-0.003351349695251374,0.002035370225759204,-0.0034087724735745867,0.002916497207882334,0.0023042245989304817
1985-09,0.0031341158141083847,0.00018186097232733567,0.0008347592537980833,-0.0018922777822659304,0.003136416230585083,0.0022282819148936174
1985-10,-0.0018481054117933104,-0.006251112727867214,0.00046016964523059624,-0.004440518593542789,0.002382063867257215,0.0020088306878306883
1985-11,0.0020444977649424767,0.001964739354676226,0.0018902127097877193,-0.0010194764025252268,0.002824216358457334,0.002201305263157895
1985-12,0.019246642284392157,0.01383010504299742,0.0025342146596858644,0.002812105101734297,0.004044733053788751,0.00867624225117481
1986-01,0.03166676763873966,0.022193762676673695,0.0027379739583333336,0.0022255808976797617,0.0039586719942122425,0.009397745424043733
1986-02,0.04484550090097461,0.034640252398063176,0.0027191554404145083,0.005762310303050949,0.00458265675657893,0.0027191554404145083
1986-03,0.05565549772056452,0.04869226709572927,0.003072278350515464,0.012116247149612305,0.006004157501219191,0.003072278350515464
1986-04,0.041493606341470035,0.033924771448986535,0.003312071794871795,0.009413705483337254,0.005404181811892963,0.003312071794871795
1986-05,0.029571274452401514,0.004640718190822013,0.0032005408163265307,-0.010230397248715682,0.0030876053673030346,0.0032005408163265307
1986-06,0.034438983646517096,0.028076052406487362,0.003440263959390863,0.0007021261726453242,0.003461133900135291,0.003440263959390863
1986-07,0.045310268534151876,0.03992319259567667,0.003476141414141414,0.0030746700587992253,0.004756679500115766,0.003476141414141414
1986-08,0.04578905346650089,0.0310079617916158,0.0031433919597989948,0.0018494998815451109,0.004608731120979169,0.0031433919597989948
1986-09,0.01999609034089725,-0.008520816322623082,0.0034767599999999993,-0.000960479859855114,0.0029468150404113034,0.0034767599999999993
1986-10,0.06570316681386418,0.047401509765301025,0.003022930348258706,0.0070637615514728205,0.004580240968039978,0.003022930348258706
1986-11,0.026068076736401213,0.007365329017060579,0.003265084158415841,0.0036859422283266607,0.004180915882958871,0.004583725174311589
1986-12,0.04809904541824664,0.028846378626135705,0.003352330049261083,0.0023119874190678,0.004808052615671728,0.005672349489903395
1987-01,0.00473145727500901,-0.009320760740383488,0.003177009803921568,-0.005122411536224669,0.0031226824441773337,0.0025999305118165005
1987-02,0.04254404665014652,0.024364952694587272,0.0038004536585365843,0.001962607609593082,0.004515746305893058,0.003994843818776471
1987-03,0.029837072075413834,0.009275621048960486,0.003963936893203883,0.003560333042907609,0.0045871481204658665,0.003963936893203883
1987-04,0.039028103428081135,0.011754120435786802,0.004049309178743961,0.0019642093013875093,0.0042481291037188,0.004049309178743961
1987-05,0.012852082642407142,-0.0015870557483284031,0.003965201923076923,0.002564874971368189,0.003793283787807819,0.003965201923076923
1987-06,0.03278464102827744,0.009519279404814784,0.003971722488038278,0.0029346767858263365,0.004205973432920998,0.003971722488038278
1987-07,0.047507030700258884,0.021247790055448246,0.004168714285714286,0.004002151248855023,0.0048127073314465346,0.004168714285714286
1987-08,0.02567147940856035,-0.002207849664363687,0.004363379146919432,0.0035891473028700684,0.004308554334047356,0.0035380769615322304
1987-09,0.036377687344699344,0.01050952527137436,0.004505099056603774,0.004878452207821358,0.005116568015410225,0.0061325088254047914
1987-10,0.003268566009427737,-0.009957889938388031,0.004359816901408451,0.004049091889475537,0.004365935894159789,0.003985672279321226
1987-11,-0.263857240814952,0.055884429863349544,0.0033030186915887854,0.003664442609014244,0.00800688217702611,0.006068467002487543
1987-12,0.06545538523853735,0.05188937991813938,0.0028905674418604663,0.0020143331112856813,0.004557761029950521,0.005110784493413083
1988-01,0.047321762407959836,0.03714759519596636,0.0032013611111111114,0.004269951443928734,0.00496588682490974,0.005203610834721785
1988-02,0.03595292208984402,0.027901627976484267,0.003370073732718894,0.0036666620854758428,0.004438169548800898,0.005059964888608792
1988-03,0.023299858115287342,0.006793301178700195,0.0035511513761467893,0.0043445638846462496,0.004485953756845739,0.0035511513761467893
1988-04,0.006031943598261064,0.0009733835124578483,0.003373990867579909,0.0027314693230604164,0.003841028565030062,0.003373990867579909
1988-05,0.01650717846354527,0.01161063759590314,-0.00016124842925487048,0.002584386511975079,0.004302168949210296,0.003385545454545455
1988-06,-0.028722500478817067,-0.03211703838516691,-0.0038030099904594085,0.0030535931606781056,0.0036053182633602127,0.002749510936380228
1988-07,0.025677145424366693,0.01674261713763288,0.003560846846846847,0.00486526159173737,0.004945994640519271,0.003560846846846847
1988-08,-0.021432147172679716,-0.028156011228149508,0.003502017937219731,0.0025811673556462153,0.003323817979804033,0.003502017937219731
1988-09,0.01271606831768582,0.004829379313287252,0.0033150089285714284,0.0037533360461037427,0.004138900365973757,0.0033150089285714284
1988-10,-0.00356880827469902,-0.005388764465656545,0.003462671111111111,0.004166529019590508,0.004071786305265053,0.003462671111111111
1988-11,0.012157238076289045,0.007446836957376579,0.0035393451327433625,0.003514518334995941,0.0036750664605652993,0.0035393451327433625
1988-12,0.0032714795724874957,-0.004289562277647568,0.003435405286343612,0.002030930175183152,0.0034406363880786876,0.003435405286343612
1989-01,0.008882860486200739,0.0005598105259922714,0.0034740789473684205,0.0018652390170559394,0.0029998523178302594,0.0034740789473684205
1989-02,0.01848241877354706,0.012457549707931892,0.003750624454148471,0.0034026999789332126,0.003664790462107622,0.003750624454148471
1989-03,0.0030076139392056916,-0.0007523102401223725,0.0035989652173913037,0.002136132172792779,0.0031773264038389925,0.0035989652173913037
1989-04,0.008649060069578829,0.007014819958450616,0.0036541125541125533,0.002550250428958621,0.0030040980965730037,0.0036541125541125533
1989-05,-0.0011546438193209135,0.004110029563554569,0.003832357758620689,0.003595971641186909,0.0033932460554830742,0.003832357758620689
1989-06,0.008447437046457146,0.007891758204822269,0.003958064377682403,0.0043000423011731095,0.004301044579181081,0.003958064377682403
1989-07,0.018624672736603648,0.008650183929559616,0.003886829059829059,0.00333670695613213,0.004013415246884081,0.003886829059829059
1989-08,0.0046492395853153234,-0.003691574922461846,0.004223706382978723,0.004268187762514038,0.004151188161977109,0.004223706382978723
1989-09,4.9073635571911245e-05,-0.008039167985145215,0.0042585762711864405,0.0031984485665455947,0.004282330052840219,0.0051845671734587605
1989-10,-0.004809295075003994,-0.009697988676229854,0.004196286919831224,0.0030444748316388916,0.003907330662962686,0.004196286919831224
1989-11,0.043503410933445896,0.0393375354110813,0.004050760504201681,0.004602517949801677,0.005071462782754359,0.004050760504201681
1989-12,0.02588094345373998,0.017750075500538906,0.0040906276150627615,0.004385804825702947,0.0045515785983103905,0.0040906276150627615
1990-01,0.014625765454321066,0.004582160984809153,0.004142570833333333,0.0031897195573036916,0.0037750222070879404,0.0048986319114505735
1990-02,-0.012746487425163572,-0.009574370551178851,0.0038209792531120326,-0.004223974467352495,0.0026447167018708783,0.0038209792531120326
1990-03,0.0008904218883240556,0.0016023055124844143,0.0038369297520661153,0.0061858164218975276,0.003929160408546589,0.0038369297520661153
1990-04,0.007816838503201945,0.01086350201806685,0.0039042181069958845,0.014416561068624462,0.003776342475624499,0.005476422890004244
1990-05,0.0057991982471721215,0.00814021049813124,0.003759512295081967,0.0037493940165080047,0.004119246970826794,0.003759512295081967
1990-06,0.006814142670878681,0.009000630327040834,0.00411404081632653,0.013621709249960048,0.004473370206978616,0.00411404081632653
1990-07,-0.0035347491612289783,0.0001524902084962046,0.004044252032520325,0.011957011999281321,0.0040690387347223946,0.004044252032520325
1990-08,-0.009838916734152992,-0.01003608230526657,0.003982315789473684,-0.0035855842527026116,0.0029799698659107284,0.003982315789473684
1990-09,-0.031980680446773185,-0.028264202522967373,0.0035735120967741933,-0.015736183184065923,0.0018401367599800904,0.0003528057372632581
1990-10,-0.03220548392152936,-0.030820664025327828,0.0033384417670682728,-0.024649234966177012,0.001469319460280717,-0.000255161839102494
1990-11,0.004633704273245776,0.006906838442398311,0.019452286519430283,0.01744224244493743,0.0038999126296879027,0.004340455272880082
1990-12,0.02308607439491081,0.023872074782996328,0.033043901260364245,0.03294610107008074,0.00552795594162932,0.006198210729073409
1991-01,0.02176183188476094,0.020201619545652957,0.016801626746258923,0.0159063852924825,0.004801110936773781,0.005621670668361238
1991-02,0.008458235798373431,0.010460749536151545,0.024126902559417275,0.022326447997769852,0.004886591474085426,0.026977023325694523
1991-03,0.02421087767586183,0.023364893307303777,0.015107561997634633,0.016043670951405947,0.004841221386215217,0.017640703720338356
1991-04,0.017342371324203798,0.017440801053155736,0.005095770653217591,0.009930440507022704,0.004694857415164059,0.004032325490196078
1991-05,-0.0006885247827882468,0.0020688468795904483,0.0023407418455660967,0.007034148448992174,0.004438022519936944,-0.0020734806126386004
1991-06,0.0020018445643579796,0.005696265730519817,0.011080379331354695,0.011600153333352485,0.004614742778310194,0.004828274857209468
1991-07,0.0004352136044637467,0.010159310305438554,0.011207082432043686,0.015363127730001265,0.004744364512531008,0.007336900095169891
1991-08,0.0007516024693704493,0.0033048523480699796,0.010819196273868265,0.007098253964020765,0.0037280084522052165,0.00439776419681106
1991-09,0.0036530585406132077,0.00858807508353767,0.019585881939960394,0.015229789934190583,0.004321839813168136,0.002326638823285439
1991-10,0.003553302802427938,0.012851827717066215,0.02466195003607266,0.020294074526883206,0.004504189279447159,0.004812293512503635
1991-11,0.0021188852812672743,0.007342290607078368,0.0008654530512011566,0.011403962460328494,0.0042838696150907084,0.003745633653453904
1991-12,0.033444001837696635,0.04142161377205297,0.0056700598471505215,0.017933390952341175,0.00499901933564603,0.0038725399239543726
1992-01,0.01451327480260639,0.017990407328119754,0.02940640198213796,0.015337071293028498,0.005292361125054594,0.004275632575757576
1992-02,0.01305082921031045,0.013986434847696322,0.016997127605053758,0.01467025861620605,0.00403603188518976,0.0063761025614227085
1992-03,0.012474158468717078,0.016990204628163585,0.021862357166341564,0.014364750735667748,0.004518536317230433,0.006486276033084244
1992-04,-0.007747846629920618,-0.0007100694567766519,0.010499303757396633,0.005921558425965017,0.003612516312485162,0.0008406066573246867
1992-05,-0.003672649799328548,-0.003315654943476229,0.005121495660337476,0.0031279828938103604,0.003580762380496824,-0.002085994880567772
1992-06,0.0014367175405846644,0.0009332225763092339,0.006757397394931891,0.005709200385672929,0.004055667193609207,-0.00096826876642013
1992-07,0.0026241892571154113,0.006509671532816078,0.004238791089846018,0.011060452286837483,0.004340208908169206,0.005911730623486327
1992-08,0.002738819674591414,0.005369261205417683,0.00390933644128184,0.009135679345334893,0.004810505632894047,0.005041538226534895
1992-09,0.006998962154180138,0.010372866049424695,0.0038348687824410225,0.009621702777920488,0.004755922176788443,0.005530471434614048
1992-10,-0.0028449028549950017,8.705687946931884e-05,0.003542008383295006,-0.002750709015507044,0.004442275693001809,0.004961418084042788
1992-11,0.0066131365285835575,0.0050265810365037605,0.007983807890803035,0.00621706590335494,0.00431907758213224,0.01009895041310511
1992-12,0.003253069944406911,0.002930351699570441,0.004221043636363636,0.0028445571890395316,0.004971645030132527,0.005216108266934874
1993-01,0.008656779216329152,0.0037594745487363884,0.005231255049245043,0.008130891434880175,0.005005872701728899,0.002908855114699618
1993-02,-0.01589850668833795,-0.0118246133736499,0.0018506578330026516,-0.01643808362209384,0.003926119646335727,0.00022389093226161125
1993-03,-0.0059459396871809345,-0.007577096823405377,0.002578784702292794,-0.007070350426894287,0.003637566825416181,0.0014936787737787123
1993-04,-0.0021513860325909073,-0.004190631467420963,0.004156796687165613,0.0032880100561531594,0.004119747714354651,0.0044300267811276575
1993-05,0.004923403754686861,0.002353029759398294,0.003259417409721417,0.002958517863187543,0.0040647317239946275,0.0008110962344099264
1993-06,0.0065701846796095975,0.0010396300747814585,0.00499317717260641,0.005424238908747509,0.004521378982469779,0.0034308600302154005
1993-07,0.020042696474542432,0.013711717758260078,0.0076395946725158065,0.0188620675682675,0.004837748566166824,0.0031631885954888595
1993-08,0.0035683395276680796,-0.0038553232089292983,0.006173694914126313,0.0021052337162800194,0.004244422793655689,0.0019446015550053518
1993-09,-0.009123625749928144,-0.015798528715198767,0.0031276508182742357,-0.01094351781647232,0.0038240095139384016,0.0009518705638934902
1993-10,-0.001510859886803606,-0.006999993671167409,0.0020333684683192,-0.003019357125057992,0.004047903194544111,0.0010945898392302831
1993-11,-0.008566563565695379,-0.012417854038077568,0.008440682445628435,-0.010583901967483461,0.003799989989742989,0.002477051469840619
1993-12,0.010992446113707144,0.0029147193033362967,0.007135839384528362,0.00907073966806185,0.004532035057691807,0.004880928125369337
1994-01,0.013367459879445126,0.004388087491658102,0.007572897660601537,0.011384908919787884,0.004769830803341818,0.004753109917873055
1994-02,-0.00957099836679276,-0.015709206339566337,-0.0020610795757445774,-0.011926618593947336,0.0034543037063164044,0.001042732754654972
1994-03,0.004026548756504683,-0.0001772971592017003,0.005110985196387564,0.0023763310829877093,0.003859000520807897,0.004035055882356933
1994-04,-0.0009117200554267513,-0.006812703127774683,0.0014433972123329836,-0.0019071023357709604,0.0035678741499153795,0.0016795992897592057
1994-05,-0.019892166982708903,-0.02259449324170379,-0.006250397733339033,-0.020856498869957857,0.002896841060935653,-0.0006776098741922646
1994-06,-0.016757211814804135,-0.02239689085713905,-0.0018913283440505288,-0.018161352220319837,0.0032722519088782833,0.0003556565800417936
1994-07,-0.005650152969012223,-0.0101409720077488,7.484637132605665e-07,-0.006814733570866677,0.0034302811828247548,0.001564968759695218
1994-08,-0.012902513395221665,-0.016836346041496503,0.0006122499743022626,-0.014269535723024751,0.0035656183375868495,0.0005137703680616392
1994-09,-0.00522135858839004,-0.008904161768430448,0.010764992508227919,-0.007154630046673938,0.004065769120564439,0.003577877522922761
1994-10,-0.020515658905483153,-0.0241407301711066,0.00013358708549324194,-0.021921266787383153,0.003131259105008851,0.0010153261731051747
1994-11,-0.0159465304920976,-0.019305121223214747,0.002915124414611562,-0.0043767981483222584,0.003509200894771176,0.001227069059281899
1994-12,0.0010771999690757095,-0.0009301827738112112,0.002926838213541033,0.00027065849408397513,0.003999554772212882,0.0026189987314375754
1995-01,0.004230172946780075,0.0025011925686946566,0.002521280075799756,0.0035983852155047624,0.0041046189100944755,0.0021209922476273777
1995-02,-0.0051256009348918385,-0.00610090987563712,-0.0034781283650193937,-0.005797640139439758,0.003665833517066907,0.0011154458682504154
1995-03,-0.0032768996706524778,-0.0045658751323357435,0.002241504559800562,-0.004025393544322783,0.003696700047577316,0.001185892608465869
1995-04,-0.015974504699401537,-0.016817014844995048,0.0019599040432141702,-0.01653180877906052,0.003524068986355488,0.00013997156091535823
1995-05,-0.016080435187035835,-0.016592766527626382,0.0007981663746379451,-0.0058737407460751345,0.0036703236245163324,0.00011664446471294791
1995-06,0.0007347526848087704,-0.0005506188285729699,0.007912665492538912,0.002953165551653321,0.004350650616086028,0.006636543000519964
1995-07,0.002467087303629878,-0.00011784643522201946,0.008417093077289984,0.004026638685600284,0.004455474608704469,0.008872777976403328
1995-08,0.008376118141510958,0.001610650690253762,0.0031865572096538945,-0.0010092932390799586,0.004474721160218132,0.006717059029864712
1995-09,-0.0045832282419297765,-0.008660292407553394,0.002330438182894308,-0.0018023316981377116,0.004079992403028802,0.00275791598522382
1995-10,-0.002991990487345386,-0.008170618303154076,0.004583925037896133,-0.00043248849012977875,0.004130341261152243,0.003803426312948661
1995-11,-0.0030902507619569863,-0.007091835452291528,0.0024303057312743195,-0.001886619365616772,0.003915982360116809,0.0031460363507727364
1995-12,0.00402398365941542,-0.002414946671684775,0.003939716997611352,-3.107749148294203e-05,0.004334951371787454,0.0026725688071276127
1996-01,0.013163819094572649,0.006127780503309005,0.0019329725059954138,0.0016443907736376356,0.004397898740768452,0.003241725604384457
1996-02,0.007833774987945685,0.0026644126985570643,0.008228674498959126,0.004044238229225949,0.00420989375781602,0.004058844904215629
1996-03,-0.00543105325851459,-0.009951864580773948,0.004862713375796178,0.001362380558123509,0.0037182755416836576,0.0017349565505718639
1996-04,0.0085193503663617,0.003131976871948855,0.0048653238095238095,0.0015946176915182728,0.0038346144564462732,0.004206900286818381
1996-05,0.004432319131990825,-0.0011647945099925172,0.004883259493670886,0.003352757383697901,0.0042424506714962,0.0029816464018069338
1996-06,0.012824099101441888,0.006686198975180052,0.004934280757097792,0.004272194053328786,0.00465592989595012,0.0030796871227069676
1996-07,0.0012034765795637947,-0.00448147378646209,0.004919166666666667,0.002540940150156705,0.004247381443748098,0.0026732329259848836
1996-08,0.002919068786756268,-0.0016455089593767624,0.004750319749216302,0.0024471282907161003,0.003836572072284667,0.002475169324612903
1996-09,-0.0007778640594257313,-0.0038920971864483678,0.00440706994601217,0.0030969159776656936,0.004402677437985668,0.0025023372914387294
1996-10,0.0011690432487134195,-0.004353426013026823,0.004937118380062305,0.0031507713735200865,0.004320336296429163,0.004275228916214601
1996-11,0.01414257031472499,0.0076375029477327855,0.004991965838509316,0.0047649880928297104,0.004727430869715782,0.005035488628430308
1996-12,0.00696481961095774,-0.002029895920758251,0.005200476780185759,0.003918076954151788,0.004667911522507089,0.003720374811589324
1997-01,0.0027780972198091225,6.469664543762299e-06,0.005109123456790123,0.002627504262310943,0.004632160568216441,0.0025216256592122243
1997-02,0.012419501226460378,0.009127089049924098,0.005272870769230769,0.005289572845822547,0.005166351267639532,0.005272870769230769
1997-03,0.03084636199303653,0.026786480716822464,0.00526851226993865,0.007015083940370027,0.005670448762480923,0.00526851226993865
1997-04,0.025562698737624373,0.024570388526695255,0.005111764525993883,0.004885398192789832,0.005489829566862831,0.005111764525993883
1997-05,-0.00112968876718203,-0.0031815448955016257,0.005266832317073171,0.004424776663779946,0.004923538695372821,0.0017171522349388674
1997-06,0.01931592329956755,0.015566238216664086,0.005422559270516717,0.00474670912462918,0.005582268956065175,0.005422559270516717
1997-07,0.03522977398862709,0.03327893500848034,0.005528560606060605,0.006007950850633201,0.0062257511648635315,0.005528560606060605
1997-08,0.031082125008367323,0.027202674643672153,0.005741731117824773,0.005404757829295257,0.006020086933182869,0.008421551031177381
1997-09,0.01781247369386124,0.01447679771902835,0.005546499999999999,0.005835714574514511,0.005526491259908497,0.006273611459652989
1997-10,0.00709788711004794,0.004070395153811218,0.00567845045045045,0.004871469993900281,0.005351732228174475,0.00567845045045045
1997-11,0.027780126387951215,0.024306135961568873,0.0055512544910179635,0.006554740404339787,0.005894351392009895,0.01275271883836299
1997-12,0.029259800524208346,0.022322305310890467,0.00566131343283582,0.00820648407606741,0.006033671997100137,0.005208612648622031
1998-01,0.024772525106202037,0.02127787560386843,0.00568121130952381,0.008457990963391608,0.006649935138934339,0.0027639740798927706
1998-02,0.02231984731820824,0.01927348840180962,0.005687183976261128,0.006463737603825424,0.006041189087955012,0.006810669080787235
1998-03,0.023761608236164217,0.018355873375543313,0.005871707100591717,0.008346764442922924,0.006521745882168683,0.0070675470123863346
1998-04,0.02194641880139475,0.017454258356641078,0.005994315634218291,0.0070466942713778395,0.006559674782642822,0.008520383133396215
1998-05,0.005069330101887759,0.0016755819974654251,0.0059972,0.0058338520086008774,0.0058391265151510755,0.003458534807833224
1998-06,0.01621332977609119,0.012019627869074734,0.005916052785923755,0.006903490743990839,0.006188461601134649,0.005558961276098943
1998-07,0.02904628508891899,0.023855460635121034,0.006006561403508772,0.008396477651996904,0.0067442234323198185,0.008236348436493764
1998-08,0.026529225797178313,0.02244249181020197,0.005947915451895045,0.007458746138975875,0.006556505115614607,0.012484426269655406
1998-09,0.046050531050033414,0.04486947829946604,0.005502066860465116,0.008177880739348543,0.0065253243806615326,0.005502066860465116
1998-10,0.00022740045399756437,-0.002273080759886234,0.005655904347826086,0.003834630738556298,0.0051411179388631675,0.005655904347826086
1998-11,0.026846076451131864,0.022822199085814204,0.005861843930635838,0.008801947060231068,0.00678218104783297,0.005861843930635838
1998-12,0.0596292253203792,0.05094680671435042,0.006015164265129683,0.011777660509075236,0.008343960372191626,0.006015164265129683
1999-01,0.016764448876164184,0.007776498119744887,0.006100880230328826,0.0071492670944345825,0.006983122988688803,0.0061584339080459774
1999-02,0.014073619684071836,0.0018798803921698526,0.006253395415472779,0.007014490140100676,0.006376219479663183,0.006253395415472779
1999-03,0.005842697981903067,-0.0006794263301892756,0.006134285714285713,0.008435843447409573,0.006644881385968523,0.006134285714285713
1999-04,-0.004741311225748224,-0.014372260247529592,0.006215609686609685,0.00341233399105742,0.0055030709097920495,0.006215609686609685
1999-05,0.0055643458210047625,-0.0012190200970941256,0.006294142045454546,0.006535138604849659,0.0059516017693089975,0.00812471127175841
1999-06,0.012397255170959909,0.00945413269035722,0.006201073654390935,0.009205458205968877,0.006805670381019124,0.006201073654390935
1999-07,-0.0045315990814467355,-0.008666816396423194,0.006326016949152543,0.006684534602937935,0.006197951568438696,0.006326016949152543
1999-08,0.015025293295622882,0.01209961477757715,0.0061309030029081755,0.008144396659885204,0.006587064236477687,0.0062123661971831
1999-09,0.0060371880103997355,0.00210988275012787,0.006053591784286721,0.007550899402422078,0.006440797039531229,0.006169904494382023
1999-10,-0.00592313729864162,-0.00813242333573913,0.005814671071175486,0.0065620398577012,0.005704811139420775,0.006063044817927172
1999-11,0.005118362235693535,0.0017026430115957558,0.006232978498508176,0.009871567276042176,0.006541604728853111,0.006214650837988827
1999-12,0.005226105178808477,-3.0254666928727914e-05,0.0061833071599947205,0.006255798791060533,0.0062284309230074665,0.006245311977715879
2000-01,0.009625223558705126,0.004883895913468689,0.006389572222222222,0.006963894585190412,0.006202188542391108,0.006389572222222222
2000-02,-0.02479316243269533,-0.02330082843585375,0.0062230360110803315,0.005428373054697094,0.004919842994434542,0.0062230360110803315
2000-03,-0.02979815662101179,-0.026196627315893534,0.006145740331491713,0.005431698400046505,0.004039700406140446,0.006145740331491713
2000-04,0.01960929398608585,0.015952212110262737,0.006387179063360881,0.009650959200843693,0.006287828231218507,0.006387179063360881
2000-05,0.018780503340338886,0.017642210515535967,0.006270228021978023,0.00822794472560166,0.006490100041773271,0.006270228021978023
2000-06,-0.0075465137846866814,-0.008444938795030554,0.006178243835616439,0.006092925845707121,0.005641557147869608,0.006178243835616439
2000-07,0.025168469393348783,0.021107483474118394,0.006222071038251366,0.005584786290207706,0.005112974246477483,0.006222071038251366
2000-08,0.026683912574673035,0.02652826921609197,0.006157174386920981,0.01031139598219918,0.006948546242982389,0.006157174386920981
2000-09,-0.0024704859752059105,-0.00420730457180421,0.006296948369565217,0.0053298212265608,0.0059374763406204265,0.006296948369565217
2000-10,0.012255530558291289,0.011741738409553504,0.0061249024390243895,0.007534078980017091,0.005899437372089706,0.0061249024390243895
2000-11,-0.00877878727050549,-0.007753374638329452,0.006082078378378378,0.005207875406795334,0.00552091128298822,0.006082078378378378
2000-12,0.027160908342410986,0.024394410224285956,0.005558343531647921,0.027002406423239783,0.0060900353264303365,0.005840973045822102
2001-01,0.03734779513029585,0.036796434252871504,0.01745808181117295,0.037552946618193195,0.006921389840300585,0.005827206989247312
2001-02,0.026129865716782566,0.027161294960918916,0.0017343769677944237,0.02632901751743824,0.005503813406647045,0.005883895442359249
2001-03,0.029623567440208082,0.030856350515579528,0.008799468984905408,0.004101241715123598,0.00566478035836413,0.005614815508021391
2001-04,0.010892956929006326,0.011872037802356489,0.004018385824560093,0.004032907685368389,0.005322727457599124,0.00541876
2001-05,0.00850649402706713,0.008916338879334629,0.005275047728372707,0.003295860390714743,0.005486888881811917,0.005600954787234043
2001-06,0.025277451822250246,0.025015440253196713,0.0097855177910228,0.00669037742045759,0.005952366228665984,0.005595803713527852
2001-07,0.030060903880651482,0.02960649448176131,0.011605238637359,0.008353014181497538,0.006193126840992643,0.00550876455026455
2001-08,0.030669746807486603,0.03042644528567759,0.005056482543296575,0.004322078329950775,0.006385611822462939,0.0054617308707124
2001-09,0.027486017202894786,0.02766882735366172,0.009477027166419467,0.007767098640521816,0.006257007106639182,0.005272265789473683
2001-10,-0.01215683999487302,-0.0074783426762275,0.008393152620615199,0.008812405043438644,0.00507180723050305,0.0050401574803149605
2001-11,0.0476484466507168,0.048532723755653866,0.01199415260000427,0.012804569696913841,0.006863209111021683,0.005072356020942408
2001-12,0.03549625452398869,0.03778030236902186,0.014669153904152243,0.01295621513149231,0.007009880121527492,0.005260383812010443
2002-01,0.03311772948859065,0.03499751874432756,0.007194017950754028,0.005160284371859322,0.007048694645764409,0.005266348958333333
2002-02,0.015115177632465795,0.01830467998247394,0.003910190341416639,0.004632467929240269,0.006178612594140639,0.005211828571428571
2002-03,0.009715682209298582,0.010267310949379188,-0.004529739523526741,-0.0021313905586670817,0.005533799226739426,0.0051444896373057
2002-04,-0.025957710940108653,-0.01932734977771066,-0.01386122170707585,-0.010713201180109974,0.0049896114420455474,0.005224922480620155
2002-05,-0.011346856825200369,-0.004018201729331039,-0.0002250125572427486,0.00014758240725569471,0.00555156112007566,0.005050371134020618
2002-06,-0.006002639102893767,-0.00043245625981351565,0.0011069081930497743,0.00371061457589672,0.006003680133719867,0.005013737789203085
2002-07,-0.009639483684378586,-0.0036174100322963615,0.00014612117106842237,-2.2914292105533085e-05,0.005251880992981049,0.0036171143376977207
2002-08,-0.03357879906267355,-0.027898061963663984,-0.0038944332109580593,-0.0009183100279598483,0.0042943684275230255,0.003944277155506013
2002-09,0.00035842177418149435,0.0037131325449925034,0.004193473024831695,0.004572885601131865,0.005133995983744613,0.004611910714285713
2002-10,0.021274400252080383,0.024653427997633925,-0.002270536657583852,0.011967661427119886,0.005460069748078419,0.004319348600508905
2002-11,0.006073461331033425,0.008393030402564172,0.016501877654880676,0.015576519742686062,0.005464347030524433,0.004529703045685279
2002-12,0.023679283385197675,0.02548799525584078,0.00810889433758126,0.008869678511716356,0.0058551792661042535,0.0046646126582278475
2003-01,-0.006038134923530253,-0.004322205441779831,-0.006267673200950369,-0.0035978790426496876,0.005048184051743439,0.0045014848484848475
2003-02,-0.009092755303081457,-0.0066846254728414045,-0.0008377400993383466,0.0004175664622541875,0.0046600385608665034,0.004420677581863979
2003-03,-0.012070717064477432,-0.011327755045333399,-0.003952916966582828,0.0007528786729158188,0.004371514586495148,0.004369002512562814
2003-04,0.020095810611945236,0.02131566787912398,0.011699642820925026,0.02450966287957962,0.005817504115364247,0.004381380952380952
2003-05,0.043891665184551815,0.04290380589159859,0.02275084972760147,0.025157798913610613,0.006862453164704873,0.011375036056094901
2003-06,0.028321031154515536,0.02517557114974478,0.0007528994736509809,0.006136864266858583,0.005709211230849964,0.005411483897694437
2003-07,0.031567537064334045,0.027976944625689115,0.00713007372492136,0.009831776556249505,0.005591290503440289,0.007319471568618625
2003-08,0.008333459664976672,0.007055222312675802,0.0041418459692633,0.005526036582651606,0.004886633794364416,0.005618470455553515
2003-09,0.022915309202635653,0.022608845955010115,0.004866459047520463,0.010582365101941271,0.005537721662034278,0.006096980991179259
2003-10,0.033282827470499834,0.03305052702950413,0.012454934323949382,0.01674485998257763,0.005770354594493377,0.007421967759109088
2003-11,0.028816775200534495,0.02542194767921871,0.006062950643586917,0.009408641138534651,0.005486468622729405,0.006073618675942823
2003-12,0.016258513777484718,0.01503532270479177,0.0005464326752532556,0.004332745234752966,0.005382470828032828,0.0036933017412693558
2004-01,0.023251010710840375,0.021098772834251933,0.0026031679973932964,0.0036529739709803832,0.005340469647019505,0.003877009363573917
2004-02,0.011772402518271247,0.011056326455181537,0.0009973703864906702,0.0024393207651749738,0.004661247173385237,0.0027977074958025587
2004-03,-0.0036663074645073845,-0.004444993306061684,-0.0060925867094738795,-0.004694538033249901,0.0042267057919810535,0.005037278048780487
2004-04,-0.0019427068390810431,-0.0004633404756298476,0.0029972079545276392,0.003064622540869616,0.004704476185149372,0.004986379562043795
2004-05,-0.00609632309212646,-0.0036748569309860146,0.0015791566196162593,0.0006587680325804979,0.00466711991478069,0.0017733438250392107
2004-06,0.0065146224446704926,0.01039125043959005,0.008885250148147034,0.007134697512521354,0.004998412755588757,0.004954108958837772
2004-07,0.02134788082513786,0.024708965578253583,0.014255307976163381,0.014324300774241058,0.005542628039391838,0.004987282608695651
2004-08,0.0011150988684419383,0.003223789774792901,-0.00996681371755996,-0.006933111336388201,0.004591885171674535,0.004893448192771084
2004-09,0.029634269923422468,0.033551868682460795,0.014455052297794951,0.014414897292556336,0.005955516884416642,0.004888192307692308
2004-10,0.003828691702857656,0.005568072778421473,-0.0028808416054801056,-0.002059034777831162,0.004706831355505246,0.004899772182254196
2004-11,0.002524274663477377,0.006331746470339933,0.0051020429216564606,0.005871615699768906,0.004926819555251916,0.00492123923444976
2004-12,0.006138356061064387,0.007304358825261564,0.008584814483779887,0.008364398453119301,0.005329306194313248,0.005002713603818615
2005-01,0.022409983179961623,0.024000372595320507,0.013411316239697879,0.013442777896509411,0.006084624715911821,0.005067311904761904
2005-02,0.0017653156693950567,0.003196585710786154,-0.0024009786458629306,-0.0010831767394897246,0.004530941380205101,0.0025712549240022474
2005-03,-0.0009889742962103099,-0.0009299541147874402,0.0004295902181430389,0.0007111312659802416,0.00421464930560268,0.003636312841858711
2005-04,-0.02126173977104212,-0.017107289535909315,0.0016954523019370865,0.0006874239329277415,0.004170321085209423,0.0038536387860028903
2005-05,0.007771565103853267,0.012236659983066278,0.010133379197848196,0.012535251932134811,0.005286530273790893,0.008011876668760859
2005-06,0.014546768086747042,0.013156129237652497,0.0012834233165500142,0.003321311295075069,0.005218677936221984,0.006249271435605839
2005-07,0.010990316850823578,0.00850280141904508,-0.00042974410383750383,0.002114440644600604,0.004968763698392927,0.006075676394629598
2005-08,-0.0064318138381809775,-0.006651007128683689,-0.0005686025545582479,-0.0008811735481292632,0.004350494543202859,0.004612972154411222
2005-09,-0.013257683521170016,-0.013920248500670945,-0.0016494975363219207,-0.0038370597988737765,0.004072771199211409,0.0037005083458059545
2005-10,-0.015069578643373938,-0.014962713241568476,0.006161487069682264,0.0035164362256513287,0.0037342754389493547,0.004531438597279223
2005-11,-0.00968344617307354,-0.009078379706299738,0.00936338388491882,0.0051939863933442715,0.00429818218548155,0.004622301878832048
2005-12,0.028191026566953187,0.02584012002614236,0.007297348332950218,0.007887470476686767,0.005880669173953328,0.007613878074424439
2006-01,0.006587274430159246,0.005656403499127299,-0.0016595032526426912,0.0013999945765702376,0.005072605317564356,0.0033862219423079496
2006-02,-0.0015952149766047807,-0.0014109738384075476,-0.0024969797482949224,-0.0031229299790578036,0.0037893140024406495,0.004259216766382988
2006-03,0.010981974527204591,0.009824660088384701,0.008435372135167915,0.008135475287144395,0.0048539412458736865,0.005589900357893393
2006-04,-0.011444468265333185,-0.013031463188674902,-0.010848294120722635,-0.006296003384380688,0.003664502276286649,0.004514643113545973
2006-05,-0.02630291301995971,-0.025198952600773122,-0.012509058688146474,-0.008322316527378318,0.0031945741604505013,0.0035912196015581255
2006-06,0.006102973909269005,0.00933200459723793,0.009521355737370701,0.0043815283908069935,0.004564946505308,0.0059117001710280144
2006-07,-0.010032083376674883,-0.00853955365468706,-0.005163218527102498,-0.00230182011658539,0.0038916202512866978,0.0038531728205082826
2006-08,0.004455169818945254,0.005888121338476882,0.0014281310635697875,0.0016102085622543005,0.004297227972675128,0.004378769240152089
2006-09,0.018417038925111734,0.021309621948631813,0.013429154410560626,0.012061378008287688,0.0051647256575278935,0.00533592943308464
2006-10,0.02415885381537461,0.021364839539153413,0.004548320037906894,0.0056257914460891845,0.005299032087280176,0.007371671270500218
2006-11,0.016726399154294608,0.017033318079209325,0.005185309073131111,0.005065549383800605,0.005278940263310164,0.00718238851990296
2006-12,0.0016125356883436581,0.000799215083970295,-0.006177422421981493,-0.005987029649511116,0.004641772540793564,0.005755353196921059
2007-01,0.0026920712381399703,0.001871473486555253,0.00201291994984637,0.001655812370957327,0.0046703179449001245,0.006155009427234137
2007-02,0.005448319230419524,0.004820453795872259,0.0019540490710848457,0.0018552479938947763,0.004559814891476735,0.005091028089371354
2007-03,0.05942117373503558,0.0600668875112666,0.03920549474720711,0.037668335893909166,0.00655883031585057,0.00902960303595789
2007-04,0.0030379826530527454,0.00011464504394961827,0.0054812334971147125,0.0037736255321478285,0.0042509247716024075,0.005224897716072421
2007-05,0.014753407010525077,0.01134269828707829,0.006744665599002053,0.007372464902744652,0.004767924542991451,0.0047343470361465665
2007-06,0.013475645364974032,0.011219089376037356,0.010587513978855087,0.009315103100099531,0.004893161479130965,0.005087330633008419
2007-07,0.004552134944531994,0.0030009746235635237,0.0003639924167172792,-0.000998736491543667,0.004474584256140162,0.004685949051642986
2007-08,0.013137033307263402,0.009742784138052407,0.00606468972057797,0.003925225420692513,0.004793644617129823,0.005225611440732023
2007-09,0.024863531194048966,0.02203863033356418,0.011235704389236684,0.010457390658831334,0.005124297629098397,0.0065140378328537385
2007-10,0.01565325798371678,0.01219017134602779,0.0009196600433961089,0.0012638914969591575,0.004656388500235758,0.005082273167095892
2007-11,0.016279548558459478,0.011263079352131777,0.0023476788288258332,0.0012818052567936111,0.004937083081152599,0.004931199912941051
2007-12,0.002270911232971795,-0.0008740973291225251,0.009765418773109713,0.009606962537783814,0.004940703570681113,0.005759223491352997
2008-01,0.020571499770435264,0.014253940532522352,0.0013660844469561492,-0.002435987610671042,0.005428386861014449,0.006214355534971947
2008-02,0.0018623290467109643,-0.0024872236104538092,-0.0014239685583419537,-0.00044966423062167693,0.004416083738733035,0.003759771887900148
2008-03,0.016773603286231842,0.012705813339417421,0.0014481838722761875,-0.00045841382116168505,0.00497180383649386,0.003102418707141697
2008-04,-0.014851301939402706,-0.019198865556445677,-0.00744957799847934,-0.006600412397028105,0.004209190452286886,0.003210262647044084
2008-05,0.016741181554301293,0.01321480873781411,-0.002034848001182109,-0.0034406161172195193,0.0049625052170667585,0.004811932608695653
2008-06,-0.007129203989367755,-0.010034214443019607,-0.0013716804085970903,-0.003837378905240482,0.004392809472437088,0.004825759219088937
2008-07,-0.010395150023122246,-0.011332504138244465,-0.004708284716747779,-0.003376608385384283,0.004108521041637282,0.002510172097922806
2008-08,0.003918407590030593,0.004742605383815018,0.005788593988966799,0.0065103568848646765,0.004950660326916877,0.004719227339801771
2008-09,0.0171579776189692,0.017437753039768744,0.0039432044779014255,0.006326108171486572,0.005840998137688825,0.00613105176406624
2008-10,-0.02334668836021611,-0.020858746156018015,0.011433267141218409,0.014143468669785997,0.004577076144253068,0.0026351277094277883
2008-11,-0.08723976479473844,-0.06019193215179913,0.0007272849778111289,-0.0009500238471564088,0.002295118181661472,-0.00023626297048495956
2008-12,-0.029071000838707894,-0.0018380105188981755,-0.00321222032201229,-0.006995017228816833,0.003164472177656988,0.002081359483022056
2009-01,0.013731618944532856,0.09039941154464769,-0.0019979734813699787,-0.0019497672050850512,0.006447461298719911,0.008432190365792132
2009-02,-0.20482585027531805,-0.12389769988891786,-0.003979871824861592,-0.023799067373801233,0.0007951976430754821,0.0004424338309893799
2009-03,-0.2272101396184702,-0.16034234074318715,-0.005177535395656956,-0.04361348573449343,-0.0017955017657135003,-0.0012311583918514543
2009-04,-0.15173066069245789,-0.06571088377082851,-0.006355120914720468,-0.02600231139345989,-0.00023609437362471448,-0.002681091891550981
2009-05,0.0481337787025172,0.04639803098530326,-0.00153685369131399,0.012131835284186342,0.0043916877523121674,0.0037599789289847795
2009-06,0.02643810919555939,0.026002208672143035,0.00387139322530514,0.0135248828641397,0.00477558109316824,0.006929084348075766
2009-07,0.029920554769982205,0.03448325332174451,0.0058521877007365435,0.01892792730454644,0.005204968398742065,0.006765352603589699
2009-08,0.04177905148662164,0.03705466716158598,0.004459310037186488,0.019554685970760995,0.006352311797882231,0.008100920538056175
2009-09,0.015920015767779516,0.013082668732146585,0.0062763239921859865,0.013594367507055616,0.005659027987461447,0.006794012979244667
2009-10,0.02008107999543865,0.01852191670453046,0.007010258245363769,0.01175512778128468,0.005834311775398371,0.007569438561913447
2009-11,0.014893341448002223,0.014738374306808244,0.004790223477518859,-0.0016024593783752206,0.004706030375626291,0.004660673884704878
2009-12,0.037015476021050375,0.03636041960526604,0.00446390110788763,0.005152316349671726,0.00540656251283145,0.00571958348987113
2010-01,0.056507860187542835,0.05489187761207215,0.004210149793581815,0.007670678871611221,0.0059030484861273755,0.005887631996322072
2010-02,0.038847108921634135,0.036249723597072486,0.004070864018865725,0.005770323808718947,0.004965252162539397,0.004723904933833128
2010-03,0.041744561983879463,0.037270496085677174,0.004085578699865814,0.005762780217563185,0.005099470389807684,0.0047002482275968465
2010-04,0.025353381265303482,0.026237865733823112,0.004182208270177364,0.0076601474836679034,0.005078898600927894,0.005108951507564025
2010-05,0.0414191943633581,0.039226907751858914,0.004195744298985135,0.005816924825153474,0.005586289905983786,0.005415394147256546
2010-06,0.004188271828201362,0.002929101399919143,0.003971167311592912,-0.0007067684763872178,0.003611816040206091,0.003276717108605455
2010-07,0.051581644630009055,0.044343820502351694,0.0038102706090927664,0.003556679440745898,0.005217418532191313,0.0032814779613818718
2010-08,0.04688763333029497,0.04053303852534232,0.003973746564803029,0.003605777203809807,0.005235213366247666,0.004996920413254495
2010-09,0.046098374295519634,0.04265435122097322,0.003837762220533042,0.007549442395205622,0.005349364972589872,0.004199770491803279
2010-10,0.012478946914096845,0.009398527128121253,0.004058808527156283,0.005141091419714958,0.00425296825072608,0.004240094982555926
2010-11,0.031324180821790976,0.03034691992298233,0.004144787047839983,0.012199472644852966,0.005165119094094008,0.004870947803809924
2010-12,0.02293541891245024,0.021218493687376105,0.004128312397042694,0.007201861337389093,0.004831918549533648,0.004641039002832477
2011-01,0.01812937755529795,0.019220938879307536,0.004294836014853652,0.009640798319629551,0.004867156955410033,0.005510980985701635
2011-02,0.025177517583393205,0.025874350574754623,0.004347762221802343,0.007812633967369045,0.005096902301877279,0.004359105093845864
2011-03,0.016738226591215044,0.02035112683127077,0.004425995529563641,0.0046404396442775026,0.004996469394804702,0.004905631274577532
2011-04,-0.0015160176520635227,0.004583031122300352,0.004416849025583812,0.0004979569274781437,0.004211162770412666,0.003886267475976845
2011-05,0.01853326861304852,0.0206595731770228,0.004489667100913275,0.006570785534467258,0.004948423130388441,0.00518486766511001
2011-06,0.0219222726953342,0.023590440165688398,0.0044505881314882405,0.008067220903325178,0.005120945095012834,0.00480909910298731
2011-07,0.016241545291584836,0.015752096135568272,0.004397566945037465,0.00565418477637486,0.005072383197584536,0.003864218406268428
2011-08,0.03134550624398716,0.028632552137963924,0.0043350616338621775,0.005203435757520511,0.00537028221900699,0.005046198477035458
2011-09,-0.0010542329063543687,0.00502701293949212,0.0041792862083109596,-0.0017759840524210757,0.0037323462234062107,0.004457429999999999
2011-10,0.04126406006734423,0.03390030045224632,0.003981550980127875,0.0009576520550611395,0.004657877793298516,0.0022381177272783347
2011-11,0.0347796058088603,0.024429301274321275,0.004273167181745892,-0.0012635468451004522,0.004991389982016397,0.0045169143426294816
2011-12,-0.020828308933205975,-0.022442067352914985,0.004263371498807116,0.0016201111225638692,0.0035783003590755115,0.004502512922465208
2012-01,0.03798367464095964,0.028436440650634914,0.004285450378884446,0.007006693550950939,0.005317974591198319,0.004512283730158729
2012-02,0.04404407486201764,0.03661211267939937,0.004395933414946174,0.011131608882117464,0.0053074239259987745,0.004592863366336633
2012-03,0.009308972071626342,0.006836611365429679,0.004500399221664931,0.0026490514966733963,0.004523894297814844,0.004669440711462451
2012-04,0.00021235899988611417,0.002635462050423254,0.004577040593091542,0.0020503943811078923,0.004407608478288373,0.004725055226824457
2012-05,0.012298788345022876,0.012035340144084444,0.00455652361347925,0.003239731910203353,0.004990093218826715,0.004703875984251968
2012-06,0.03923155160488695,0.03422266859595635,0.004402248912571504,0.009572072718567408,0.0056071404984044055,0.005030909308534231
2012-07,0.028479116472686944,0.023553859506313002,0.0045003591080897635,0.00561130139181823,0.00531576645680702,0.004649301960784314
2012-08,0.03322919168837546,0.026932314519269224,0.004532333161149092,0.007829914716963149,0.00550511885683099,0.005837037059083899
2012-09,0.018519058120222254,0.0200764851013063,0.00458327069423101,0.012176645327180519,0.0051681749076580045,0.005221726846147895
2012-10,0.0072947576915776136,0.009367898976975209,0.0046385029963234865,0.008862466174229568,0.005070957663238958,0.00496582552936723
2012-11,0.029924098723146414,0.028089888213541303,0.004592810624362888,0.008757906080735872,0.00577055901520343,0.004698898832684826
2012-12,0.01800618932585668,0.014463390980121171,0.004600874072898545,0.008721002702753805,0.005400559776791889,0.004394120113438339
2013-01,0.009450125917387642,0.00754516210016043,0.004615831750013723,0.009739206408666073,0.005118490228747722,0.0055620949353245895
2013-02,0.008570433240636721,0.007562439638959834,0.004725202815368124,0.011471533132312237,0.004631149655655073,0.005237468378543786
2013-03,0.009657835962614159,0.013209738222305228,0.004746526753362118,0.00941113450231805,0.005052712023858086,0.005063729790672994
2013-04,0.010718575535762415,0.012957184229131974,0.0048216775750906556,0.009807330121429078,0.0053879313013297705,0.004878277456647399
2013-05,0.02857389781245792,0.025822321117019542,0.004856158548962626,0.00895131657734391,0.005804002005044646,0.0051467096732539285
2013-06,7.171783399589904e-05,-0.00047850505551094713,0.004898161118152432,0.006537719038015852,0.0050777643611957,0.0037037308403747907
2013-07,-0.006320319044175293,-0.00942450075619694,0.004859808601566375,0.0016055649642668507,0.004504527377153443,0.0032118860230324745
2013-08,0.015007111104141269,0.012008206999139459,0.004961630520682888,0.006684870511609001,0.005385195030943846,0.004993571701720842
2013-09,0.004046153294097715,0.00384930725812907,0.004889244023235953,0.005327643903992568,0.0054003686137269104,0.0049283034351145045
2013-10,0.016827046481801694,0.015109642823435077,0.004979220952380953,0.011927309887088122,0.005593919849877157,0.005229281391076397
2013-11,0.017945509063721832,0.015707590976506786,0.005057716730038023,0.012410204190308444,0.0057384485512090464,0.00612746487117401
2013-12,0.008721302318544039,0.006020378893985545,0.005106595825426945,0.005304310208138818,0.005528534103387206,0.005106595825426945
2014-01,0.0018038118514633328,-0.0004512343628944038,0.005146071969696971,0.0008793091782239582,0.0051310358906433064,0.005146071969696971
2014-02,0.009913434476984673,0.010064639846360857,0.005070812854442343,0.002992358441873136,0.005320798088333148,0.005070812854442343
2014-03,0.019099398144579838,0.01738764567024445,0.005147579245283019,0.0017722259007775104,0.0055848101802716595,0.005147579245283019
2014-04,-0.007146832479207277,-0.004432821451660851,0.005153056497175142,0.0006310563152517878,0.004839869194503835,0.005153056497175142
2014-05,0.009583443741875974,0.00785873853203295,0.0021252277192949365,0.0024978736290288683,0.005122408022360189,0.005155691729323309
2014-06,-0.00039204334843020994,0.0012635702230020807,0.0005633005308399996,0.0012790248882583177,0.005232408094229641,0.005189750469043153
2014-07,0.0016299834473981756,0.0024745229052388906,0.002258788451593746,0.003877798145349637,0.005268486736413169,0.005218674157303371
2014-08,0.005612588802873214,0.00041051641232411895,0.006046479432944368,0.0059713261301093945,0.005221084058263709,0.0051827999999999996
2014-09,0.015008597338137697,0.0155473831557838,0.009175167393835504,0.011172506367156748,0.005984737632321917,0.0052473414179104476
2014-10,0.010879335122918193,0.010470660697745715,0.011054061392704012,0.011456335237081422,0.005787210063629471,0.005211633147113594
2014-11,0.015707135544296452,0.011953089677045725,0.0068678623128564376,0.006956947341609815,0.005835971120303439,0.005108489072894462
2014-12,0.028733091847377018,0.023203519895318353,0.01677816637508789,0.017773730165662194,0.0065369679109073394,0.005288033395176252
2015-01,0.02695875992072827,0.022567217109323107,0.015514193780382712,0.01632969357260286,0.006586412843707056,0.0052736611111111106
2015-02,0.02304811982666949,0.017338409516794773,0.007681106852829661,0.008100582143235363,0.006027089565717671,0.0052095138632162665
2015-03,-0.00561185736222497,-0.003404106259080608,-0.0021385484972823166,0.0001003342561491094,0.005509834791860657,0.005305023985239852
2015-04,0.0035734076646824486,0.005070855004688124,0.005610979293128759,0.007226611081597001,0.005531961675625262,0.005267642725598527
2015-05,-0.004847319800669103,-0.006503003707835464,-0.002062997737099531,-0.0013385600927761088,0.005285514306359641,0.005274689338235293
2015-06,0.004344960146411919,0.006020915602538202,0.008295095781638145,0.008578944149753964,0.00576648127988854,0.005287987155963302
2015-07,0.012980619942975197,0.012059092752423117,0.014043388107604582,0.013806487784759958,0.006014029768915932,0.005242875457875457
2015-08,0.023736053372985955,0.019270453175758068,0.015154883265376645,0.014906461157288664,0.006256930596362183,0.005272224862888482
2015-09,-0.0078062647569019095,-0.008393424132060068,-0.001999978899116378,-0.00789449983599072,0.00565638323347728,0.005152981751824817
2015-10,0.01558091464372574,0.012483775240304418,0.00862505188288043,0.011226816953488206,0.006256359848471412,0.005098883424408014
2015-11,0.009115958732297424,0.001716545152354143,0.00025536822843089113,0.0006435887016054687,0.005774759055330233,0.005241338181818181
2015-12,0.018599175888348002,0.013446026287383589,0.01004547146826093,0.01083984942439739,0.006474162485630939,0.005237947368421052
2016-01,0.008764037906082323,0.004105247779730037,0.004939933108662642,0.00515852327629468,0.006149508806983025,0.005200655797101449
2016-02,-0.01308012638610806,-0.0178918486535381,-0.004705828854221467,-0.005477228770063847,0.00469416214162631,0.005102282097649186
2016-03,0.019724586506064234,0.014251978178974833,0.0031970602342425297,0.004502034855702192,0.005920328026364962,0.00508956678700361
2016-04,-0.0027349256536792765,-0.003328868280665087,-0.006456406493599687,-0.005164543904774527,0.005505388894396581,0.005201369369369369
2016-05,0.0006536532137314255,-0.0013266599120898004,-0.0014050852454870616,-0.002772446002755169,0.005514094686808311,0.005198573741007194
2016-06,-0.01125130785249373,-0.00946691225173324,-0.0008648301697266603,-0.0009723722568709126,0.00538463183029793,0.005222251346499102
2016-07,0.009740310401859908,0.012324032001903185,0.006577887996130655,0.009735342711628292,0.006108532969184537,0.005217327956989247
2016-08,0.014783675249835482,0.014765433742266909,0.012339122646839118,0.01471842182517541,0.006484061196162989,0.005273059033989266
2016-09,0.003714327246015031,0.003927424920403405,0.0060901045158126554,0.003621853732120095,0.005906521260088181,0.005409491521856114
2016-10,0.0015464381269645333,0.002422784168461728,0.005123849694750077,0.0014735222341989984,0.005705505093885834,0.006160942123632676
2016-11,0.004549859155954156,0.0028764568159457826,0.013627884506777016,0.01321137819781587,0.0056809777229868495,0.005214927046263345
2016-12,-0.0007430307813191539,-0.0019377810014107877,0.010092816976098928,0.011711009150388724,0.005297359889505367,0.005269095914742451
2017-01,0.010581770421106917,0.012637421542899818,0.013038846968166581,0.014889731948549645,0.0059658012367169114,0.005293271276595744
2017-02,0.007393647841669931,0.012614032391196489,0.014611184650189,0.01606582405029819,0.005957427731641959,0.005317502654867256
2017-03,0.014314933194813168,0.017814530771436188,0.017417533487660675,0.019535510165338887,0.006121761833618061,0.005377116607773851
2017-04,0.010209715722278384,0.012577491870470525,0.01640727360893486,0.017571218951676265,0.005985275582017025,0.005370040564373897
2017-05,0.01450135533355068,0.01697484451201567,0.017215704958476158,0.018613010707936445,0.00605500760884597,0.005378352112676056
2017-06,0.040229847230867505,0.04000771800331343,0.03256640870776917,0.03275567028128709,0.006911357756958059,0.0053934200351493855
2017-07,0.023703113343189808,0.021698168483324065,0.02013785466620241,0.019630741060289558,0.00613015253865666,0.005393077192982457
2017-08,0.018716794688447363,0.020316461105225947,0.017595907635649208,0.017727009188473253,0.006429716112500286,0.005418651488616462
2017-09,0.023040776893359233,0.025380828133539396,0.021060081023160954,0.022234631687086406,0.006323940305054635,0.005411517482517482
2017-10,0.01083549349988347,0.01311804775137032,0.014690815396947651,0.014555685773932972,0.005880198407197199,0.005435493891797556
2017-11,0.01148396191436385,0.012498768649853276,0.016107899634356895,0.0170863157836081,0.00610259589065471,0.005466498257839721
2017-12,0.00037407125150795695,0.003259879634594287,0.011144352484601036,0.012098763059916973,0.00599618078860588,0.0055101895652173915
2018-01,0.009919096810720285,0.011295506148227719,0.01305504693797227,0.013356125123235224,0.00637203001493668,0.005518416666666667
2018-02,0.006699515975092524,0.010235299937577907,0.013039232347171664,0.012685465171253213,0.0061348737685318275,0.005607570190641248
2018-03,0.0231667927091829,0.025015419949987017,0.0203274641884926,0.01985847858748975,0.006397902593790478,0.005530807958477508
2018-04,0.008931260444238531,0.0091602883787201,0.014418332808047676,0.012681363826119521,0.0059532620041061095,0.005475212435233161
2018-05,0.018748277941888408,0.01791360965359995,0.007098951850220581,0.014116168704710025,0.006263020873659631,0.005469858620689655
2018-06,0.022980453311504556,0.021843484109498545,0.007834146695021702,0.01568690450864514,0.0064141512330417524,0.005498998278829604
2018-07,0.003696081514759253,0.003998623273206159,0.0073221417115022225,0.010305071135409516,0.005972193289390837,0.005498896907216495
2018-08,0.02571130330715013,0.025928664206995883,0.014341343361796086,0.013632471297523818,0.006688427131301728,0.005550432246998285
2018-09,0.00860870315188006,0.009021484335508284,0.012746353912197209,0.012352013507130818,0.006142004150467608,0.005594589041095891
2018-10,0.008941233199392856,0.010652445960523865,0.009630146724633193,0.00939962257508671,0.006257802814572611,0.005591244444444444
2018-11,-0.007475016281021429,-0.005059965419452056,0.00335252086673341,0.0023066111575810316,0.005376988800487762,0.0003763234808214001
2018-12,0.019253550027023503,0.01487833523144605,0.003440696695989249,0.005074149739101197,0.006117716736067964,0.005617391467612611
2019-01,0.006080154826632628,0.00321668509469189,-0.00035896914760632365,0.002855281341483759,0.005316846363196696,0.005316284013605443
2019-02,0.006799489987956098,0.0025143473846831466,0.0035262293700614247,0.00122116320838081,0.005409108928033056,0.005441908319185059
2019-03,0.01432816207887816,0.01155995787184469,0.005199152666223408,0.007866854827542624,0.005900077458851275,0.00548337627118644
2019-04,0.017239594846611778,0.01682466051147813,0.004897162170177672,0.005230101136373497,0.006096828935734433,0.00550393062605753
2019-05,0.0005142292067328302,0.0009800736414085631,0.005165552730043538,0.0029396958381904953,0.005514480423057467,0.005559716216216216
2019-06,0.0278240025031177,0.0274724864609954,0.003209559848546324,0.007828927289666068,0.006462334458935576,0.005440244519392918
2019-07,0.014429943889342517,0.011960183651131495,0.0005858780696567367,0.0016658469456069247,0.005987810102737613,0.005545161616161616
2019-08,0.017443138874451758,0.013963602045291956,0.005381507230157345,0.006287263563511489,0.006056101744742434,0.0055571915966386555
2019-09,0.030234926875154,0.026944498072587697,0.005329973326483196,0.007044580081679616,0.006410793499874732,0.005518194630872483
2019-10,0.017340223062316862,0.010731707832138948,0.007401634081530953,0.007371677465658491,0.0057179445561785945,0.005537412060301508
2019-11,0.018985396583345054,0.016333171144525982,0.009397043564406946,0.009462378117266551,0.006258061459036074,0.005561799331103678
2019-12,0.006094989536338163,0.004931347716441881,0.006534638035088185,0.006915723081940009,0.006103561977502414,0.005610954924874791
2020-01,0.008271058278225635,0.005039843006152761,0.007686202619988515,0.007635886237934625,0.006018658169380704,0.005648915
2020-02,0.025636979169469443,0.02332577641208325,0.007500950366194435,0.009973945097636272,0.006597639021914996,0.00563753244592346
2020-03,0.029441720403573207,0.0251390632132506,0.0051977428990998935,0.00966596322103861,0.0066559482600305805,0.005490174418604651
2020-04,-0.11984332328261618,-0.08376412416830514,-0.006518904040412884,-0.00038173636052600546,0.0018560164244618691,0.005276762852404643
2020-05,0.026368337390436702,0.016199650168431834,0.005481420529801324,0.005412353709399978,0.006460733003761915,0.005481420529801324
2020-06,-0.028532436541500728,-0.03744249421303092,0.0055512330578512395,-0.009830741586315597,0.0043508476503408165,0.0055512330578512395
2020-07,-0.0023592461941793763,-0.0033293040589253697,0.005575485148514852,-0.0011067038202040719,0.006115960604344867,0.005575485148514852
2020-08,0.006073889702686186,0.0011876361817202974,0.005659891268533773,0.0011859896742803522,0.006024817137174102,0.005659891268533773
2020-09,-0.02217366070634187,-0.024015501648870896,0.005768950657894737,-0.00012507633198276247,0.005289259956458519,0.005768950657894737
2020-10,-0.0011386843690567722,-0.005495797426981391,0.005696668308702792,0.0008630172516881987,0.005854774017074636,0.005696668308702792
2020-11,0.0019433700043391955,-0.0044225486587370355,0.00564387213114754,0.0033056096561523488,0.006032230123195215,0.00564387213114754
2020-12,-0.0009201768840404884,-0.011088333705312398,0.005813528641571195,-0.003398048877054083,0.005493988019719414,0.005813528641571195
2021-01,-0.01283867530797056,-0.018548734556744717,0.005871794117647059,-0.00253787142100427,0.005621458899066471,0.004975083451915729
2021-02,-0.01953674290266713,-0.030511643867316973,0.005845817292006525,-0.006215592749614689,0.004729700831020758,0.002367105745766527
2021-03,-0.02263720588015923,-0.029077880313614718,0.005878811074918567,-0.007960609252307106,0.0049057782976543365,0.003015332370000885
2021-04,-0.01006470504912138,-0.01513315632390691,0.005901419952090014,-0.003167793492302992,0.005112898947714835,0.004604965987842232
2021-05,0.005829947953785594,-0.0002697387237576565,0.005954528957705257,0.002877305487935203,0.0055919261330720435,0.0041359889762222785
2021-06,0.008982064148006078,0.003981141383385373,0.005933192511331957,0.005378522884261626,0.00579777095646739,0.005269890714577997
2021-07,0.01740842568418896,0.00826097994169081,0.005947102414933813,0.005516555447476583,0.0058079045343804375,0.004475601877570443
2021-08,0.014190331568272263,0.010512375719024858,0.005975801430587421,0.00784105520444222,0.006286948036629344,0.004944578016864243
2021-09,0.00696766446137051,0.0050629634142655144,0.006018001283455926,0.007011394810867003,0.006042243781182582,0.0027920004162375204
2021-10,0.011867024254059721,0.008391779655947035,0.00591357337273074,0.006959709427728285,0.006169555780286782,0.004604970114803376
2021-11,0.008346004159992829,0.008735863069904565,0.00603419561992201,0.0071698727824176176,0.0059887383613345295,0.004587193274601196
2021-12,0.020692148547188566,0.016825950323687,0.00600262786054775,0.010408378778798619,0.006663576192357837,0.004622850328252546
2022-01,0.007382061414537247,0.005275664637151289,0.006173341346153845,0.0070994296718377425,0.005868788947057003,0.004842631040145057
2022-02,-0.001098374372324365,-0.004993979149876926,0.006079875199999999,0.005797300473166768,0.0047675546737748166,0.006079875199999999
2022-03,-0.0042748813677943726,0.002235161898429011,0.0060233690095846636,0.008357364025909114,0.0052967496412152015,0.0060233690095846636
2022-04,0.006517457606032603,0.014052650059649854,0.006074089314194576,0.010933323556823547,0.006030860489232851,0.006074089314194576
2022-05,0.0005578883954645286,0.006857580049564771,0.005924805732484077,0.011502512985815054,0.005958844897980216,0.005924805732484077
2022-06,0.014912517479926474,0.018189979514611376,0.0059155039745627976,0.010821432225827182,0.006114940846133831,0.0059155039745627976
2022-07,0.003251422869665857,0.013838431186355346,0.005775506349206348,0.013800661655392357,0.0058609650962877366,0.005775506349206348
2022-08,0.029899208862267712,0.024464034401481538,0.005913684627575277,0.015478250794030597,0.006751445323660939,0.005913684627575277
2022-09,0.01584541633198633,0.016747480463932846,0.00583756329113924,0.014986008476723434,0.006735335014260891,0.00583756329113924
2022-10,0.007991170812960871,0.013542025689418771,0.005680797788309638,0.013799071718741132,0.006428038197602987,0.005680797788309638
2022-11,0.002931596181962967,0.006124405588040477,0.005794783911671924,0.01036527298138383,0.005940845960215891,0.005794783911671924
2022-12,0.01524126222159991,0.016126144339001114,0.005866390551181103,0.011305273837640399,0.006371290855686657,0.005866390551181103
2023-01,0.007883534150938024,0.007797935883244289,0.005759550314465409,0.010525766386952767,0.006351625560782374,0.005759550314465409
2023-02,0.014905769048900758,0.015257537996005155,0.0058451868131868135,0.009657128645999012,0.006230846963937378,0.0058451868131868135
2023-03,-0.006927732120285218,0.0008462944198583122,0.005792663009404388,0.00794965728392532,0.005698267741180365,0.005792663009404388
2023-04,0.007464950535862255,0.006680714014361128,0.005836616588419405,0.006731485893437833,0.005891824032942977,0.005836616588419405
2023-05,-0.007453975261378962,-0.0030953741874919782,0.0058454890625,0.005623124461652487,0.005278478922943559,0.0058454890625
2023-06,0.0008041302763081848,0.0005203820292728201,0.00583903120124805,0.006769541637590255,0.005588333252874473,0.00583903120124805
2023-07,-0.004998982740385308,-0.002367917242927592,0.005927992211838006,0.0028220091529824673,0.0053462268506760564,0.005927992211838006
2023-08,-0.009019608066454798,-0.006173077032810587,0.00596107465007776,0.0008277472020808072,0.005265573796203109,0.00596107465007776
2023-09,-0.007191880918405627,-0.0006448859859546074,0.005920880434782609,0.004135458749007351,0.005666628636332166,0.005920880434782609
2023-10,-0.012881334898163524,-0.006205019358248354,0.005831288372093023,0.002577881212912879,0.0054064677053655,0.005831288372093023
2023-11,0.0015369401613014172,0.004787951832545018,0.00578241640866873,0.006561011936418545,0.005936077070202171,0.00578241640866873
2023-12,0.005452406005879096,0.0036162852330446082,0.005907024729520865,0.003988502565615899,0.005954614016812481,0.005907024729520865
2024-01,0.008040229316672018,0.0044804032560626095,0.005961498456790123,0.0037947334824270026,0.006070305742058181,0.005961498456790123
2024-02,-0.005982442809080626,-0.0016744271692718526,0.005969463790446842,0.0011047692225972239,0.005586059197052626,0.005969463790446842
2024-03,-0.01590593213482716,-0.011713676694252578,0.006035404615384615,-0.001163428756133851,0.005180816703872247,0.006035404615384615
2024-04,-0.012145557432690968,-0.005808280902618007,0.006069007680491551,0.00012383854105271763,0.005482783662006715,0.006069007680491551
2024-05,-0.012100704011402341,-0.004752615042516062,0.005991447852760736,0.0014291300789475575,0.0056115372978099275,0.005991447852760736
2024-06,-0.003628814338307862,-0.0012644823768311886,0.006051232771822359,0.0016980573393389209,0.006012427211426937,0.006051232771822359
2024-07,-0.007453878649660656,-0.005444114120803284,0.006092590214067279,0.00029304935411578886,0.005986230998506317,0.006092590214067279
2024-08,-0.00040631230051195455,0.0004585058430974509,0.006094964885496183,0.0003363822657904414,0.005846182223982567,0.006094964885496183
2024-09,0.003052542700068675,0.003965627200490679,0.006115373475609756,0.001963632144318238,0.006320118845322955,0.006115373475609756
2024-10,0.0009244934670768756,0.0015454155233178696,0.006134712328767123,0.0027291412502397916,0.006255677233747477,0.006134712328767123
2024-11,-0.005006662672274925,-0.004326657742087098,0.006106255319148935,0.00189064637277888,0.006133592028456425,0.006106255319148935
2024-12,-0.004764419769273803,-0.003896616077707929,0.006182603945371777,-0.00025663278204075823,0.005949689823853897,0.006182603945371777
