month,Ols,Enet,EnetVal,RidgeVal,Combine,Cenet,Avg
1985-01,31.977858229475714,0.0017372888888888892,0.0017372888888888892,0.06489235985349848,0.0015287993835492709,0.0017372888888888892,0.0010527214565397925
1985-02,0.007077660084458315,0.0025804333333333336,0.0025804333333333336,0.035913558110317476,0.002262494745038394,0.0025804333333333336,-0.0007779904049354685
1985-03,-0.0991497324445968,0.0023306833333333337,0.0023306833333333337,-0.04148699317652909,0.002345023399305731,0.0023306833333333337,0.002374262619824083
1985-04,-0.0006340349317863481,0.0023087833333333336,0.0023087833333333336,0.0063281153911996565,0.002358688333287755,0.0023087833333333336,0.003384047732407694
1985-05,0.26052332565186803,0.0027694888888888888,0.0027694888888888888,0.06239139872879455,0.0030334040366069947,0.0027694888888888888,0.003921450554553409
1985-06,-0.053268343875458146,0.0034146500000000004,0.0034146500000000004,-0.021090653888421414,0.003537761879948441,0.0034146500000000004,0.0027462709049724094
1985-07,-0.036515122465853284,0.003777966666666667,0.003777966666666667,-0.027583642143016805,0.0037425878182751346,0.003777966666666667,0.004451308756935507
1985-08,-0.08813068609794723,0.0033343888888888885,0.0033343888888888885,-0.04873780596485609,0.0029601021917089456,0.0033343888888888885,0.0013730717083722415
1985-09,0.014670954732292497,0.0030207722222222217,0.0030207722222222217,0.023182124948015293,0.00295775486987439,0.0030207722222222217,0.0040787902981930715
1985-10,-0.07130571380010207,0.0026399388888888892,0.0026399388888888892,-0.00734017225070633,0.0027413477775069485,0.0026399388888888892,0.004741780397319586
1985-11,0.07159130061564471,0.0029299999999999994,0.0029299999999999994,0.0929042831545799,0.003120167309632755,0.0029299999999999994,0.003500333169784325
1985-12,0.18108766811475235,0.0030188888888888882,0.0030188888888888882,0.06911359865290946,0.0029932991182373904,0.0030188888888888882,0.0009244535468807236
1986-01,0.2504828646559596,0.002947622222222222,0.002947622222222222,0.15978196809353554,0.0035252143462934345,0.002947622222222222,0.0026258984582502106
1986-02,-0.08735755104967594,0.002725833333333334,0.002725833333333334,-0.004582650827937884,0.002730951186908508,0.002725833333333334,0.0025488105246424097
1986-03,-0.11402191650687415,0.0030658777777777774,0.0030658777777777774,-0.05933592225453739,0.003422865474410072,0.0030658777777777774,0.0022176046361542918
1986-04,0.17024328053390939,0.003142344444444445,0.003142344444444445,0.17365267699615483,0.0033163380663352943,0.003142344444444445,0.0038350218954952926
1986-05,-0.011356836728731737,0.002849494444444444,0.002849494444444444,0.001434890602827062,0.0023211861238703426,0.002849494444444444,0.0024055214452976953
1986-06,-0.031013014857710672,0.0033521388888888893,0.0033521388888888893,-0.04125562011244639,0.0031154228222188864,0.0033521388888888893,0.002411127235729577
1986-07,-0.03395915054243204,0.003417722222222222,0.003417722222222222,0.03295711342147412,0.0037518674170760667,0.003417722222222222,0.005068811004578818
1986-08,-0.1227865662882437,0.0033181999999999994,0.0033181999999999994,-0.1067432612726101,0.0033908424046969927,-0.00036642463603679264,0.004686532620274117
1986-09,-0.18494333255200007,0.0034986499999999994,0.0021661001851517353,-0.06374612435377448,0.002940099412052656,0.0034986499999999994,0.003724300420528376
1986-10,-0.05684142859755846,0.0030597333333333343,0.0030597333333333343,-0.05493267843673622,0.0019785517796428206,0.0030597333333333343,0.0029203466866588035
1986-11,-0.1046253292156127,0.003591772222222222,0.003591772222222222,-0.07367782193211558,0.0034133252529173585,0.003591772222222222,0.0023860564366573384
1986-12,-0.10412628796301954,0.003712761111111112,0.003712761111111112,-0.09126303394723309,0.003399183567805321,0.003712761111111112,0.00394003243200687
1987-01,0.034311730612438966,0.003065022222222222,0.003065022222222222,0.054198160018548845,0.003032375602182618,0.003065022222222222,0.003073424637067634
1987-02,0.06410290056365497,0.003702772222222222,0.003702772222222222,0.00042350444356230527,0.0030868607314179382,0.003702772222222222,0.0024579981583435647
1987-03,0.11462519908412745,0.003756977777777777,0.003756977777777777,0.0852121499233006,0.0038496428041537296,0.003756977777777777,0.0008670236052394668
1987-04,0.1297478543149024,0.003851538888888889,0.003851538888888889,0.059196287764284074,0.002803195629708129,-0.0014913873354203313,0.004517106226367358
1987-05,-0.06473562057423765,0.0037625333333333334,0.0037625333333333334,-0.1012482351147581,0.0030161914218868914,0.0037625333333333334,0.00392484177641038
1987-06,0.09048221393461703,0.003686472222222222,0.003686472222222222,0.08777517750195088,0.0036605096718283076,0.003686472222222222,0.003386602335308228
1987-07,0.029924562783126094,0.004066449999999999,0.004066449999999999,0.009496965553181823,0.004191961219105471,-0.00048176024263223973,0.004026938396751793
1987-08,0.03691909673122984,0.004316994444444445,0.004316994444444445,-0.06533963175611437,0.003624678836320966,0.007266401861260762,0.0038770042571451145
1987-09,-0.07599947798933593,0.0043052333333333335,0.0043052333333333335,-0.05045117001156721,0.004315770171447386,-0.00046402053333418025,0.0035264501662237613
1987-10,0.178330413355681,0.004195438888888889,0.004195438888888889,0.047968764491953975,0.00412830087323364,0.005499904397345456,0.004498372797703649
1987-11,-0.16897207611661902,0.002925033333333333,0.0005127649754067135,-0.15473315966749043,0.003346296787381112,-0.02360358255737253,0.00452745286337701
1987-12,0.3164645941903115,0.002191861111111111,0.003266985033684997,0.1197053654488443,0.002592714996231565,0.010415338200931592,0.0021747482580221447
1988-01,-0.013246379122290874,0.0025255222222222216,-0.0011386572080897689,0.12963858847444634,0.0029064378279175444,0.0191576738459588,0.002469133063527741
1988-02,-0.08988803132618522,0.00286421111111111,0.006017548809115231,0.054832769524025035,0.003065437326434902,-0.005462397911284657,0.002856320002577014
1988-03,0.09669973662176926,0.003312894444444444,0.00033250624986417296,0.21559490431310818,0.0035037056804836583,0.011364377561517846,0.0032898841161288443
1988-04,0.1168737798506637,0.003148705555555555,0.0055131406934125025,0.0902949831028739,0.003615657713600487,0.0096696551934629,0.0030922234144465485
1988-05,-0.11135762580010967,0.0034330388888888885,0.0027987904060416237,-0.05348164571985391,0.0030232504275893384,0.0037911449034834887,0.003439663513288546
1988-06,-0.09613448516283299,0.0019842455888599815,0.0006785369256297243,-0.04542552623213063,0.0036555110264108836,0.01564466457833324,0.00387433363769599
1988-07,-0.1651935903596911,0.0016046270228115018,0.002881329129910836,-0.09450865980323322,0.004473127590389671,0.0042551528496185195,0.0029783015994797896
1988-08,0.0378029979290679,-0.0004973071190868183,0.0015215306331982249,0.056154444417345704,0.003647678838239138,-3.836247060161162e-05,0.0038706421941359604
1988-09,0.15537484516845335,0.003615738888888889,0.002784832802525228,0.08569041831347866,0.0036035307760981196,0.0006622386612044484,0.0036150798301412025
1988-10,0.08232092173485575,0.003621961111111111,0.0014956748214417386,0.07723782964563365,0.003656644173875087,0.002477784114695381,0.0036203867106754605
1988-11,0.23301859750345455,0.0037718444444444442,0.0031637982229323794,0.04370229861034641,0.003793252763922171,0.023715004031105918,0.003766328304258812
1988-12,0.1535616084121289,0.0030539564780681567,0.0029046396514253786,0.10058851674942508,0.0040435895273593266,0.007157455825751578,0.004102553808254922
1989-01,-0.3134861009454381,0.006753847377447161,0.005819535354710742,-0.10728381038439957,0.004169054105453576,-0.0060640331675358575,0.003894642057455014
1989-02,-0.09874041099402493,0.006446834750874636,0.005976921885165161,-0.09321100041614074,0.004663934181875884,0.00846181741528478,0.004552514875870122
1989-03,-0.24616055639012796,-0.001965500587857708,0.004574971866512636,-0.1277723177214385,0.004411439501470271,0.0045904388888888875,0.004506983761210197
1989-04,-0.2371548107415709,0.0021228878298734316,0.004833527777777779,-0.12491649833211263,0.0049406953523525666,0.004833527777777779,0.004869472196795156
1989-05,0.020717589271107742,0.005334394444444445,0.005334394444444445,0.01878151877342268,0.005379374388467621,0.005334394444444445,0.004977565862593134
1989-06,0.1006012834524687,0.005709494444444445,0.005709494444444445,0.11435876458201995,0.0058846237387305995,0.005709494444444445,0.0053061786030831415
1989-07,0.11045281913035127,0.006412679608444222,0.005743411111111111,0.12013445596617597,0.005905620015194409,0.005743411111111111,0.00603860220316966
1989-08,0.06792289950835659,0.02218680034041506,0.008239414172974406,0.05914538517200636,0.006819836380816396,0.006669805555555556,0.006874746645552273
1989-09,0.336612907374629,0.006618521094932639,0.009012323063236223,0.09303680937644507,0.006974596213401975,0.007228861111111113,0.0069408566736229435
1989-10,-0.13841904069047098,0.008949244312200368,0.013294371551072427,-0.10958446674716298,0.00845806041130041,0.007868344444444446,0.008859007590736458
1989-11,-0.1722933423206637,0.006793611111111112,0.0076146706856078245,-0.07733512176104043,0.007014972117879505,0.006793611111111112,0.006998870336146273
1989-12,0.024551720164447954,0.007152872222222221,0.007152872222222221,0.00281509731429958,0.00711082980885579,0.007152872222222221,0.007902959291093293
1990-01,-0.16305064009488315,0.007383861111111112,0.007383861111111112,-0.12557088777399342,0.006843674272163762,0.007383861111111112,0.0076581214707264296
1990-02,0.130034559254493,0.0063218,0.011664466594420528,0.013457780680240412,0.006159340725745592,0.0063218,0.006672849131216539
1990-03,-0.06428722819178442,0.006013583333333333,0.006648411251511028,-0.010179842522226814,0.006070328666162085,0.006013583333333333,0.007389542637884942
1990-04,-0.07606135989323634,0.006015105555555555,0.007626511643566494,-0.08028172536294421,0.006332440423259123,0.006015105555555555,0.00971175365794717
1990-05,-0.1619638762878016,0.0055905055555555555,-0.0016541197006020572,-0.11152902742357312,0.006098939899520763,0.0055905055555555555,0.005442638021064358
1990-06,0.03200747484367511,0.005833983333333334,0.005833983333333334,0.015018882777263909,0.006825225558158029,0.005833983333333334,0.006966200316236208
1990-07,-0.13361664838208764,0.005527461111111111,0.005527461111111111,-0.11201956149851891,0.006093622711974131,0.005527461111111111,0.005858469543090616
1990-08,-0.33785941308379397,0.005855516666666668,0.005855516666666668,-0.17582298102592053,0.0053268266152599894,0.005855516666666668,0.0033038286903023734
1990-09,-0.008413868610478867,0.005428083333333333,-0.006427838414380417,0.0311908669639403,0.004788405789684046,0.005428083333333333,0.002917838082842604
1990-10,-0.44737677790891434,0.00022753181388145138,-0.0034176460959215076,-0.3039590942768097,0.0040776885457734675,0.005331366666666667,0.0033016487528289068
1990-11,-0.28227851315236935,0.0023192898330527266,0.00563309995974043,-0.013516460972245556,0.004920932307652284,0.004944411111111112,0.004749255875029064
1990-12,0.3689830469217709,0.0024029159444572522,-0.0006567423859465465,0.2162917102583914,0.006599788338521602,0.005127033333333333,0.011530700354211259
1991-01,0.2162698178493556,0.017223637970652864,0.004554654499891678,0.12135876958493454,0.00650536774857014,0.0053341,0.007805259086577057
1991-02,-0.1920119758535401,0.007723001192371614,0.0035802321182735993,-0.1538021073827648,0.0057605830667169095,0.004913866666666665,0.007091087993582271
1991-03,0.07170834732212501,0.014706214414052973,0.008768191506424435,0.011766334848705257,0.005123161349760009,0.005335649999999999,0.00797601347197517
1991-04,0.4507177210871079,-0.0027037492716316435,-0.002387739434306934,0.24208993229509507,0.00627351687398162,0.005287394444444444,0.003817598665151614
1991-05,-0.13626053537415428,0.004889075342959223,0.005191386345521063,-0.0673798249550876,0.005454801261845341,0.005347272222222222,0.006487455679891516
1991-06,-0.3357985472601638,0.009811222590164701,0.005078494277103352,-0.12855200779434614,0.006146187784793752,0.005625305555555555,0.008791133726548996
1991-07,-0.038312111048671924,0.005358367679450393,0.006928672033551632,-0.001019556576106414,0.004615798215449317,0.0051296611111111105,0.0035647386293470064
1991-08,-0.06131464654102183,0.0027500372101165447,0.003125253187563303,-0.1520620980766837,0.00674282880555745,0.005427038888888888,0.00892736049762438
1991-09,0.07165588456138666,0.009435317582314627,0.00789480618646178,0.05834798612336262,0.006804574325711215,0.0055486277777777775,0.00869638364065952
1991-10,0.15817538786898666,0.00802944436958885,0.006722438198498076,0.08502088167963666,0.005510491596534169,0.005318172222222222,0.00575869121413018
1991-11,-0.22436816986511637,0.0035253863190933075,0.0043743095267889795,-0.0660090035558134,0.005969123989122902,0.005504666666666667,0.006197479575060075
1991-12,-0.031013983610025442,0.0019189100676414153,0.004886613238141411,0.04305358545148044,0.006118858100382357,0.0052875944444444435,0.0077824261147809
1992-01,0.10804885329060063,0.0006271982045701705,0.002535127366476928,0.04580107955644418,0.008208926230515298,0.005623783333333332,0.01251073516237236
1992-02,0.4406536727319819,-0.0052626674732996655,0.008269808894909539,0.2015795204335212,0.004394791719515201,0.0057988166666666655,-0.00011497133510375655
1992-03,0.19467488778608083,-0.0023454030432804845,0.006463677396769822,0.041796036005413616,0.004804648213575727,0.0059610555555555545,0.003223890564592431
1992-04,0.20188104033886684,0.02232178599333428,0.0017259528730227984,0.15915378046227832,0.005785306572765381,0.0059245666666666655,0.0031751902646429244
1992-05,-0.21219123429860529,0.019446483629391186,0.003299665139799789,-0.08008301962155193,0.005159263703684972,0.006083305555555555,0.0030491342919867458
1992-06,-0.01025005759125669,-0.009137957297931376,-0.0009746317948337848,0.013625116037119257,0.006441033051893457,0.006198938888888889,0.008218842620658216
1992-07,0.13264346790014517,0.04957319563567377,0.020446142773915935,0.11956014887040074,0.005874551685200615,0.005854461111111112,0.005425111261056259
1992-08,0.01210422550755394,-0.01596647858661731,-0.02019981627653076,-0.0076167713996974674,0.006089268103964503,0.006173777777777777,0.007569690395880731
1992-09,-0.020331199676027478,-0.0022475179049788203,-0.002981381367539934,0.01128688740874587,0.006012130811099087,0.0061376388888888895,0.006588930419392142
1992-10,-0.14839766708456856,-0.014407953480393447,-0.01660239380261647,-0.057435724925044174,0.006150294544700687,0.006214666666666664,0.006421120031488014
1992-11,0.05613770584055154,0.005548588323860567,0.004577914188449672,-0.04628260253287033,0.007230478462158464,0.006488999999999999,0.009368728569432546
1992-12,0.27254618277686027,0.038888036887835514,0.04205318802408092,0.20375547965490926,0.007789010821899432,0.006487566666666666,0.010194313150560266
1993-01,-0.1140216394818197,7.784498093013452e-05,0.004496464941296824,-0.05521821864030806,0.0064069849530595715,0.006542622222222221,0.0044326710170316495
1993-02,0.14052138098118694,0.0016237309441439352,0.00272780945158035,0.06805215090462143,0.006379938112916354,0.006934427777777776,0.0018714549291365835
1993-03,0.05164818631848693,-0.007089206524328477,-0.0017493024865983097,0.07512345866767947,0.0056427463035527954,0.007113238888888887,0.0028061508620359638
1993-04,0.0973445853157846,0.006855002340310468,0.007740602866682003,0.0009192982313879494,0.007282882382139223,0.007096999999999997,0.005886869575479979
1993-05,0.04714531239497549,-0.009609429216659924,0.0017114201606550994,-0.08099499947425497,0.005224558636103784,0.0064832055555555535,0.0038319936618153834
1993-06,-0.016845687998536224,0.012419582593634928,0.008874598445080926,0.018127830341313714,0.006876423795929112,0.006568983333333333,0.009617395310145709
1993-07,-0.0009152021420869572,0.008486434072726751,0.009056883410614747,0.04741702140226258,0.006989484386508036,0.00669645,0.0042596973082447784
1993-08,0.11121850186239213,0.004683179863754867,0.00559360553428744,-0.07350864661493203,0.005879327068467123,0.006372188888888888,0.003532039222352207
1993-09,-0.11897575910070005,-0.015945403265758176,0.0017332207590827929,-0.08701110196048775,0.006248049587540797,0.006410466666666666,0.006733701948905123
1993-10,-0.4229024677359653,0.002782511498532572,0.0032258365608206973,-0.18795390422364533,0.006825171277985974,0.006417027777777778,0.006304298768906054
1993-11,-0.05383418508329152,0.009184954666461402,0.009903022275766614,-0.09260815479467784,0.006511050315673292,0.0070506611111111105,0.010872310210604424
1993-12,-0.10318308464078052,0.012016087329191655,0.008626771313601764,-0.030040214506241288,0.007129172723016897,0.00687885,0.010680106031788336
1994-01,0.07277853119548727,0.00020334672164851273,0.00801834495182322,0.04556179509678924,0.006940391786694841,0.006887294444444443,0.007095100409718573
1994-02,-0.22758421553793298,0.010976940465113333,0.01265409449987421,-0.09221213874589929,0.0067618390963202,0.006864694444444444,0.006863494479653427
1994-03,-0.13517847296739444,0.0071379883710832375,0.007394263138114241,-0.07089688643285426,0.007217066604023357,0.0069018499999999984,0.0075004735739816406
1994-04,0.16656377449400261,0.02326358416621776,0.011852166847678314,0.1277974304272602,0.006413359107498834,0.006371755555555556,0.005578548753152652
1994-05,0.004713523097291977,0.009072258506266735,0.008180884761291307,0.031878143890861604,0.006524299869944749,0.006449166666666666,0.004510421647525166
1994-06,-0.07735300179450784,0.030139156226560316,0.016508614001277167,0.04970891732345964,0.0070050458367696905,0.0066615388888888885,0.008057416542174508
1994-07,0.01799771322992575,0.009409753377741095,0.007047038962356641,-0.02474338005216591,0.006025522851482864,0.006327727777777777,0.00579946620111421
1994-08,0.05415069369097279,0.010971509849548774,0.00887373233856205,0.029885557535622064,0.00651706822906453,0.006469744444444445,0.0064752677556400165
1994-09,-0.2009614825297993,-0.002402350031450706,0.002498483962946302,-0.1467358784316146,0.006319056278196242,0.006377944444444444,0.008801553827776615
1994-10,0.024630123182880603,0.012052830984644783,0.012021722350330742,-0.04829595268534487,0.005839164291506192,0.006262633333333332,0.007174687145566941
1994-11,0.22945729644114893,0.011622569953522791,0.011403481842740761,0.10135841234859817,0.006828856606489507,0.006779755555555554,0.006718010400421189
1994-12,0.026698500389818247,0.019744410721030458,0.018639558037408747,0.009512889353562846,0.0063934477444837975,0.00891329150219144,0.006950401428239883
1995-01,3.9408085072967225e-08,0.00179662021711436,0.0020601169195501503,0.003561091839109451,0.006333298424171923,0.005425465285717552,0.005683153228983895
1995-02,-0.18945714624011212,0.03904538959914773,0.031200985427446044,-0.0011973949595369968,0.006826516516252629,0.0061540944444444445,0.005745907338519054
1995-03,-0.16224451339838333,-0.018852048431565724,-0.0122767937418107,-0.16725843640254295,0.006072479716569722,0.006384744444444443,0.006003820105213665
1995-04,0.02143806643737031,0.012550732057785643,0.01247967100658218,0.011351036003160514,0.007035009422518327,0.007131144444444444,0.008764890261279206
1995-05,-0.02021681352122738,0.007289080391717384,0.0070673471232068595,-0.006451862810852432,0.007079759357811646,0.007104483333333332,0.006231386488602933
1995-06,-0.019055875995379973,0.007325195084556766,0.0059985367682836785,-0.022046419463214145,0.007321801944435045,0.007031977777777777,0.007030291143092265
1995-07,-0.18175298292657785,-0.0067116644366018085,-0.002997453465593077,-0.022765990996916646,0.007431388485366823,0.007008827777777777,0.009249456163658682
1995-08,-0.15580585180962336,-0.012198734833449867,-0.012089111130374301,-0.05515249896851078,0.007319783455624853,0.006819966666666666,0.00852192108202442
1995-09,0.35341915499658555,0.009595286894208912,0.0075156269102758955,0.14811618482920402,0.007004498940482213,0.006774122222222222,0.0061276529080646555
1995-10,-0.0005393369499190406,0.02151068088268185,0.007739303329737378,-0.014423904007580354,0.007044811571278841,0.011385167223881318,0.006454968677341551
1995-11,0.03138838643580766,-0.004262096691864629,0.002508308693164178,0.06475728939365075,0.006635721959979358,0.00677921111111111,0.005020675647144447
1995-12,-0.3495438932877766,0.004441706883283358,0.006444038888888889,-0.15878600622987218,0.006364033250724234,0.005376188289073684,0.00746363409795141
1996-01,-0.10155200230714256,0.010186005813050516,0.011147912266938332,-0.028290071377714714,0.005717482508409706,0.006646257980376316,0.006405079840074183
1996-02,-0.005525614630771503,0.008674891149858857,0.007575280809646468,0.056547822960204046,0.007216607311521897,-0.002320798160724059,0.006763512389851602
1996-03,0.04681039016390069,0.02045660971827011,0.0076154141745396284,0.039520902191972844,0.00801537043444325,0.02157239987061948,0.008209188783865016
1996-04,0.018455197650510992,0.01070566310384327,0.009113170766684876,0.042087621754652894,0.007097330976597091,-0.0013656188882343583,0.00810988881195558
1996-05,0.0754414088970392,-0.009686718974236855,0.007013950390728867,0.03926190486128026,0.007422690536512602,0.0017036730701733786,0.010943946566986143
1996-06,0.1324767127063916,0.011908948514340142,0.008713549504986972,0.05341116803083919,0.008062913837689764,-0.011709963965177827,0.00866749344220411
1996-07,-0.12522308362148044,0.00824316609686385,0.007759771459062184,0.02818988549050954,0.007621802184562659,0.008155488580462989,0.005150044024976727
1996-08,0.4231259647284155,0.011947936028665052,0.007378022222222224,0.28025455217710404,0.007499982471645922,0.015190440632871494,0.0022384539031894603
1996-09,-0.06502972002667096,0.00915979540902718,0.007856733333333334,-0.04855695019712696,0.008417127057975099,0.008302549278149184,0.011056035739661327
1996-10,0.09071982630247877,0.009156331668887779,0.00867570888858457,0.048914465279998764,0.00923683775898437,0.00013154338439091712,0.013310201421942107
1996-11,-0.0407998440562658,0.007006293950271301,0.00776644876756658,0.0830945252188817,0.008023027009933037,0.003767759773553284,0.00264579913740463
1996-12,-0.22224963646828033,0.004663140733810786,0.008085361387365753,-0.06366984126813452,0.008971590026414069,0.008613944444444445,0.009699495621120258
1997-01,0.36494264366094886,0.00754544895022294,0.008470383160491852,0.05728967602286528,0.008333396795522694,0.008677061111111111,0.00884901773806862
1997-02,0.1896948837168588,0.00929972520955275,0.009130916666666666,0.023482914939782523,0.009369607151774234,0.009130916666666666,0.01042078153094223
1997-03,-0.03712782036283255,-0.0130546085440376,0.009483655555555555,-0.10260730231393178,0.008888141317213369,0.009483655555555555,0.006735883205980857
1997-04,0.06665004774438324,0.012806900117658178,0.012256213153718684,-0.004627263905047554,0.008948082406423455,0.009320416666666666,0.006897373813456759
1997-05,-0.11541976103875856,0.009988686028142893,0.009910828548334024,0.07769609168510454,0.009859578335536313,0.009463327777777777,0.008527353933612227
1997-06,-0.035448230452126944,0.012658211267640806,0.012287752140720446,-0.048209901120059524,0.010279247646628407,0.010000027777777778,0.01485811978094045
1997-07,0.14232823793458083,0.01662673770905806,0.01577079953794189,0.06882564715163611,0.010267854367381224,0.010365483333333331,0.010936423280703447
1997-08,-0.11230425250437556,0.007898248260343943,0.006687941642464236,-0.018183797155769947,0.011498021646240985,0.010958744444444444,0.011196860030529311
1997-09,0.00796333449188888,0.011831514389260448,0.0081469507616728,0.003294018212960796,0.00981185336058426,0.009964983333333333,0.010444407066710817
1997-10,0.038947563724234885,0.013111546197072003,0.011759898439742322,-0.013212328018882592,0.010894508496225688,0.010209927777777779,0.012310808780668037
1997-11,-0.15800961664125893,0.017187021868574816,0.016115668654962605,-0.043857151402727654,0.009631105395597117,0.00940566111111111,0.007195423052210348
1997-12,-0.31094623189688886,0.008214401606163423,0.011727040549982406,-0.18198552188555997,0.00840620434483738,0.009422144444444445,0.006916116374155083
1998-01,0.19428679662617615,0.007075950545226093,0.00684746198360887,0.10637124396052872,0.00959702985815555,0.009434433333333334,0.007937202828650108
1998-02,0.061560650306893006,0.018221699431149672,0.015000679034759873,0.008816438192707034,0.009140336240796448,0.009319438888888889,0.010919422203709684
1998-03,0.1672006893828336,0.014278801901313525,0.011904022295953807,0.12341864142441711,0.010146174703067994,0.009589011111111111,0.0115276651529557
1998-04,0.1440061300647055,0.021774779150688553,0.01944106757420884,0.07962290639482582,0.009990813238618964,0.009690488888888888,0.010669650883328906
1998-05,0.04681597178139609,0.011195633005686626,0.008900338869333654,0.04866443840535374,0.010000315701712814,0.011368318643964929,0.01204024058316958
1998-06,0.23433633792367609,0.0018410892260794145,0.004909966357742682,0.1864824746189855,0.00909746836055265,0.009297538888888887,0.0036065033730138616
1998-07,0.024882284706270352,0.014310055156748118,0.016259382940232003,0.1339373017329706,0.0097783379490141,0.009334205555555555,0.011003277769819764
1998-08,-0.3409682624080305,-0.002535266688474683,0.012857113480879152,-0.10868034720921338,0.008922413975173979,0.009470477777777778,0.0072531368944642755
1998-09,-0.3944320814061546,-0.003309954976806013,-0.00279833347806557,-0.1886617751497531,0.007153242574083056,-0.0032352280532420377,0.0020181025822829553
1998-10,0.08205481020316963,0.01475468110130681,0.014546715276310317,-0.03337698251921985,0.008501445340316188,0.004360116391236549,0.012670939503377183
1998-11,0.22859859013738446,0.0012439099528177549,0.007191231430472143,0.12372185988833996,0.008883288634287667,-0.0032177344588708145,0.013500769621313568
1998-12,-0.1538042730223632,0.0013555303846516445,0.006476852667164775,-0.09118384455862408,0.009434760955922007,0.005238185320968287,0.008898940992228162
1999-01,0.324719754689299,0.010159558421611809,0.01015839722834093,0.016768547001994212,0.00985099407584248,0.010054599999999999,0.011488751013325667
1999-02,-0.39114181886066457,0.015392177274186673,0.015747080065055437,-0.03804464951721864,0.010792266975659572,0.011109271028134481,0.015393243266635529
1999-03,-0.07246433868217572,0.008128339004972032,0.0001646906164132437,0.08088562717351493,0.010680157428418597,0.025431729142597132,0.009419665222279508
1999-04,-0.22888257215750057,-0.006643594927742571,0.01213428247491034,-0.16107630425431382,0.009818603041546591,-0.011185159411207932,0.0176637420240677
1999-05,-0.02222180240264548,0.010590778712375846,0.009641179068885833,0.07486533688599517,0.010811640191515213,0.018465290556517317,0.015179176144568273
1999-06,0.11652506877451006,0.009156845539107377,0.009202822124040338,-0.016457749983416224,0.010990031359318234,0.010891994444444443,0.01023040460787232
1999-07,-0.06838421838968184,-0.011510935429625769,0.009095908898448463,-0.07007132837289524,0.010944204837798326,0.011086405555555555,0.011825940509264905
1999-08,0.14628632695292526,0.013185974953893271,0.013672572732474719,0.05698676221325435,0.010566854674982029,0.011019433333333332,0.00690981325585401
1999-09,-0.2457426265105973,-0.0033237990513487765,0.014259227770887443,-0.08746371902396764,0.009958721709321165,0.010391422222222222,0.011809014251785176
1999-10,-0.11025263520296796,0.009235662036615161,0.012809027060628746,-0.009969225688229354,0.010707137119047616,0.010261894444444445,0.014787281190583843
1999-11,-0.25865335750513296,0.00829554937612193,0.00854542798141449,-0.04788259702401176,0.010758095830104059,0.010634155555555556,0.015568625436830982
1999-12,-0.15725481564892524,0.010438829819926833,0.006440626499725424,-0.20380781098121772,0.010583395976200283,0.01082506111111111,0.012969092701699278
2000-01,-0.45697336968831453,0.007798368621467361,0.006625450608518316,-0.2210858545884174,0.012376549203531819,0.011041855555555556,0.01359137312964618
2000-02,-0.31905805527858994,0.0010865253858257512,0.007255711123918133,-0.20165552203860532,0.010604727441480404,0.01035242222222222,0.0007795180334427641
2000-03,-0.868756169441528,-0.009097778245087739,0.001760386420698791,-0.44629341908227516,0.007560615789769472,0.010185066666666666,0.0004137759975729703
2000-04,-0.5593589342313917,-0.005537966377184813,0.0016474374633836612,-0.2608121900719314,0.008867766183510511,0.010744088888888887,0.01074838690074346
2000-05,0.17316149613672913,0.0010079129551541829,0.005130266377156396,0.18640100854972974,0.008760056252909093,0.0013854886809661635,0.0039691777884233725
2000-06,-0.23535861654566353,0.030264261902100853,0.023384365441000265,-0.02993742077008847,0.008307470470693525,0.03461731378031331,0.009153820386970848
2000-07,0.13355224182385592,-0.01565902455543814,-0.008373363620383188,0.03230849432647369,0.012699052845538052,-0.018542448528980234,0.01322927961277986
2000-08,-0.19462965225815576,0.00123371081192708,0.004686875223924789,-0.07798351665683313,0.008838224069248047,0.0011635984585327223,0.004098932121584709
2000-09,0.07564369040465095,0.017978370100981907,0.015296461744149076,0.035318131018332886,0.011339207176713507,0.025758407194805558,0.011225716666953343
2000-10,0.06162401213420145,0.01939686935956927,0.015584192138041523,0.08149792377081144,0.010203571783265555,0.010446777777777777,0.005070177838677247
2000-11,-0.07761146972422273,0.011625377450259622,0.00985566162809903,0.014268349721898294,0.00897248268200897,0.010178449999999999,0.0024852873215725907
2000-12,0.0029928092213441643,0.013853880989977137,0.011863056614997008,0.17153683221653548,0.006284156944939457,0.009349811111111111,-0.011643604367226532
2001-01,0.0612215100172806,0.0024372061387594006,0.00023962363819114013,0.03247654621475178,0.008138776921108131,0.00912238888888889,-0.003623853304360703
2001-02,-0.26192480856398076,0.02392447197187139,0.024461523716725338,-0.18005742332847827,0.011787006961547126,0.009277200000000001,0.0280050831444324
2001-03,0.004669652513458966,0.005102211516102758,-0.0036965988153440914,-0.07190853490432556,0.008319261252270501,0.0004135095219102193,0.0032155511277248113
2001-04,-0.34329400630129425,-0.03059873351839378,-0.016883919208639922,-0.22388440661639214,0.006095813062040254,-0.014778628689288004,-0.004231214765997079
2001-05,-0.2369585007593683,0.009465443675062565,0.012755384551343167,-0.20305312150846505,0.008534041418539204,0.0003184894870143463,0.012710080250321599
2001-06,0.08187349043636316,0.011776188192198687,0.016518455715225564,0.12489617109283807,0.00817387269805013,0.01310534477610979,0.006099138123919087
2001-07,0.16069713792108387,0.010073910993875612,0.010912077823531704,0.1442280656716056,0.007933952915111347,0.008389191271287217,0.006566921987256552
2001-08,0.028742369209298735,0.016668022240244516,0.010614805993465423,0.08383590124923912,0.0068846861750568355,0.014674192331141967,0.00506282786365065
2001-09,0.12092506266838313,-0.0064552125822002,-0.001954077369437199,0.08675827586838444,0.006739952011220587,0.008488598795033622,0.0002910213844167925
2001-10,-0.4078168577948665,0.015600129807425832,0.007292727777777776,-0.31735962256086503,0.006326707520914625,0.007292727777777776,-0.0005302970048650449
2001-11,0.05260960155570987,0.00978230028904236,0.010616819880480598,0.019198337251516914,0.008089132671398389,0.007100516666666665,0.015644306122081952
2001-12,-0.16168173124678345,0.015816969195295308,0.01503991153079251,-0.023282762323004975,0.008313511392935189,0.007412244444444444,0.015865739132019083
2002-01,0.2926323116276501,0.0032211302929700866,0.005541186249257005,0.10211863691780663,0.007625895969373025,0.007634266666666666,0.005558490525867035
2002-02,0.08137069760121002,0.002910847806397023,0.0032331405897737574,-0.07202325789387452,0.005622439641232444,0.006819227777777778,-0.0010207210257280244
2002-03,0.06323739802325651,-0.0005800791982937537,0.00045853535514250865,0.1056573569296657,0.004568099024122123,0.006495566666666666,-0.0030821301429062864
2002-04,-0.34460122037491736,0.009509132309741536,0.010924328358000071,-0.06370267529292899,0.006729486368570979,0.006576877777777777,0.00960743925092488
2002-05,-0.2681385316608402,-0.001167773791652893,0.006304344444444444,-0.23151515521464996,0.004871863223910451,0.006304344444444444,-0.00417198095983363
2002-06,-0.13547232530542935,0.006223633333333332,0.006223633333333332,-0.06573767905230206,0.005338709400582532,0.006223633333333332,0.00300266270102965
2002-07,0.06787037214358832,0.005568138888888889,0.005568138888888889,0.07122745668577699,0.004653159631213184,0.005568138888888889,-0.0014871819533302365
2002-08,0.5701158437503955,0.004897416666666666,0.004897416666666666,0.181639344649941,0.004848868186077833,0.004897416666666666,0.003393662547226496
2002-09,0.1652322590016802,0.007399927083072783,0.004737711111111112,0.1663017990097872,0.004833185626397587,0.004737711111111112,0.00656408957940747
2002-10,-0.05574236847879169,0.006781903613623475,0.0042714611111111115,-0.003671215902152374,0.004319955494293651,0.0042714611111111115,0.0025776481025259054
2002-11,0.11450516932872348,-0.005235063548933421,0.005988094444444443,0.013489291771542799,0.0064401135217292205,0.005988094444444443,0.011020119040100617
2002-12,-0.05494733170032684,-0.009333053383537826,0.006783611111111111,-0.1560261334270879,0.007913385155670622,0.006783611111111111,0.011814184290137713
2003-01,-0.02114183178784823,0.0027348526316341567,0.0060616333333333335,-0.0044912817742676515,0.005212831538019792,0.0060616333333333335,0.002857031450855324
2003-02,0.17042832379524592,0.01838564164801304,0.005687238888888889,0.13842514744610296,0.006161823413759368,0.005687238888888889,0.007717717032447999
2003-03,0.008758511645622247,0.02272759879036723,0.005359511111111112,-0.01339995931664506,0.005829337321627273,0.005359511111111112,0.007561556851654084
2003-04,-0.08200814831227242,0.0001835070830659754,0.0056070388888888895,-0.036172259420775704,0.006137822172121515,0.0056070388888888895,0.008577664468540643
2003-05,-0.26940982548910686,-0.00864005376727285,0.006028472222222223,-0.17246024116577607,0.005734082493381544,0.006028472222222223,0.007436011082868945
2003-06,0.2253527094516627,0.015500454577010794,0.006303133333333334,0.11997711547395487,0.006959334569387571,0.006303133333333334,0.007836274497420186
2003-07,-0.019634510602081094,-0.004301897013768453,0.006131133333333332,0.0065788861108944,0.00592339180953661,0.006131133333333332,0.006897861362157639
2003-08,0.060567445457871946,-0.011494609421888268,0.006279966666666668,0.014881371684859743,0.006780302646424148,0.006279966666666668,0.007663976339500409
2003-09,-0.11944065735549209,-0.009384544155706585,0.006598216666666666,-0.06833766969212765,0.0069067853875752405,0.0069727280859704565,0.006290398994485663
2003-10,-0.12549105364723712,0.022323621823574297,0.006331127777777778,-0.06576413627867915,0.0061044564068595784,0.009829447572060921,0.005071173216571789
2003-11,0.1683479259901317,-0.020705165249442947,0.006520399999999999,0.09185469323834092,0.006431260777661095,0.005213198597288886,0.004937521337681716
2003-12,-0.013779449310203029,0.018261580747029764,0.006679366666666666,0.0345956539660118,0.0068269614792938575,0.02027436253925398,0.005566445769760772
2004-01,-0.03681790337325168,0.003027434931275384,0.006894516666666666,-0.05606142526633086,0.006449699420939272,0.0177520075314571,0.009977967264610019
2004-02,0.07811875613673802,0.012448786126416388,0.006625488888888888,0.02988969183570278,0.0072559044180869,0.015292269255314725,0.005189124731292034
2004-03,0.007952476844539775,0.007843837991396688,0.006875122222222221,0.04143322846896805,0.006724708903395594,0.006875122222222221,0.009746920292813559
2004-04,-0.156569683552781,-0.005714190120025933,0.006696122222222223,0.004324646716341253,0.006534448622665048,0.0025820971386283737,0.008436380436143478
2004-05,0.17697230821741883,0.026842297568559104,0.00635506111111111,0.09844180879442084,0.006122717495869018,0.026513397937924767,0.01182052876709766
2004-06,0.04479448210855004,-0.006651992833991099,0.006243433333333334,0.053115064187449,0.006586348224435859,0.008449476017964301,0.007841486510405435
2004-07,0.06878865973151133,-0.006802436211849674,0.006417872222222222,-0.027955243426894417,0.006280255171580757,7.675633584538002e-05,0.00744848410441048
2004-08,-0.3010272490608099,-0.011940494615585877,0.005767833333333332,-0.17908966480759228,0.004394911298359633,-0.003134301279359787,0.004653886353515433
2004-09,-0.027487794564646326,0.017460817586964234,0.005713688888888889,-0.01357369418018683,0.005435064547034751,0.008945201765079656,0.007245637143221045
2004-10,0.034646491771004984,0.005574493110815069,0.005826027777777778,-0.0020101577493790296,0.006461727782659186,0.0009674989030171426,0.009218280812921057
2004-11,-0.09082681852602831,-0.011598399518182631,0.006072205555555555,-0.08597808268994439,0.006003717627586955,-0.0009154692094843963,0.00648395522172226
2004-12,-0.09023654780505536,-0.019247648551688923,0.006213761111111111,-0.04899608935236372,0.006404195755580766,-0.0023440525679817355,0.007911979391467004
2005-01,0.02116194630986671,0.010345413687522976,0.006300300000000001,0.03320424552211705,0.006458208447388356,0.0042584761009149905,0.009397404962779398
2005-02,-0.03674776608889484,0.01572150602306352,0.006566616666666667,-0.009297534020022251,0.005813808457031463,0.006497354541048941,0.00509067107103119
2005-03,0.05558756948749322,0.0020472612478036716,0.006632566666666667,0.08674369851361138,0.006440048512965798,-0.008167410127132187,0.005238572783025383
2005-04,-0.09082065195826186,0.01090919675996874,0.006412966666666666,-0.04708001000184299,0.006098941436075826,0.013463784824021493,0.007588315152665225
2005-05,-0.048859677214482033,0.021021581510698405,0.006470622222222222,-0.02073565529233043,0.006247054469935522,-0.000802341143178645,0.00963253090225089
2005-06,-0.07395623419955955,0.00628950321618893,0.0061315944444444445,-0.035821075770398864,0.0068189658522444406,0.008786727795013449,0.00949041289280502
2005-07,-0.142911760581369,-0.015109406874295569,0.0062008777777777776,-0.14710545800849303,0.005992975989325572,-0.0037260264663043193,0.006757847100169975
2005-08,-0.08685387037733734,-0.0006055724388415538,0.006457644444444445,-0.034913182409027584,0.006983268995377064,0.011226839857949002,0.008298273531285306
2005-09,-0.1299863657707117,0.0141337043967504,0.006931211111111112,-0.0564800228001677,0.007110318737176291,0.009532823772274785,0.006461988500088483
2005-10,-0.015584133586381443,0.015515346152837887,0.0072652444444444445,0.01967503586447537,0.00753112924459326,0.019280534155067308,0.006079699926747028
2005-11,0.02436179642182821,0.023081727976060187,0.007220938888888888,0.010982780335762107,0.007284951966842146,0.011734846212445312,0.009292253440177643
2005-12,-0.13355198506945531,-0.011436435031227387,0.007089427777777778,-0.07400437150243425,0.007405702497045238,0.0007329487713918954,0.008653572797422555
2006-01,0.02422963089288365,-0.0020294239306560824,0.006949166666666668,0.0021464425498183785,0.006964026997511749,-0.001107855025377807,0.007825138290537447
2006-02,0.01990334907972463,0.0004782758701186562,0.006855505555555554,-0.026015676580420557,0.006996657967437105,0.0029548717130653155,0.004969314508680841
2006-03,0.09381163437214593,0.02546365937336069,0.006479172222222222,0.07406782960865241,0.0063213077806164066,4.996896430424849e-06,0.0075733102168937735
2006-04,0.10458448939277103,0.009458187477547243,0.006419477777777778,0.016257226047213143,0.0067226924723802865,0.006419477777777778,0.00757981409039101
2006-05,-0.016569687201629213,0.011907440201195656,0.006483344444444445,0.0008017369210919917,0.00621378120271499,0.006483344444444445,0.006112239551141816
2006-06,0.11534668421140631,0.0062951235064890865,0.006089738888888889,0.06481286606546677,0.005574279619962057,0.006089738888888889,0.006416345523397704
2006-07,0.06555969678506103,0.0013479195899530963,0.00635165,0.02159327161486095,0.006232097441693693,0.00635165,0.007386185925512435
2006-08,-0.18114579250179577,-0.001060028405834532,0.006129122222222221,-0.14432059293025928,0.005170549584870477,0.006129122222222221,0.00447644176115323
2006-09,0.05976409220709102,0.0017777802056393116,0.006132816666666667,0.04438824845479915,0.006338257999918782,0.006132816666666667,0.00820904474904444
2006-10,-0.025741993415029835,0.001665755770520359,0.006376416666666666,-0.019984946605080284,0.006136351000945801,0.006377306948401794,0.007697446148778411
2006-11,0.031869763878044924,0.004378307257243721,0.00648291111111111,0.04098117225379339,0.006685219705776057,0.0006565507928749633,0.008510670867988047
2006-12,0.139070781695873,0.003181216314613435,0.0027918038610737625,0.09878278340444932,0.007171867097397627,0.007935944872675307,0.009794096644923636
2007-01,-0.0538015663124667,0.007754913488552087,0.006248344444444446,-0.055081763036068,0.005902024770918864,0.006248344444444446,0.005004791350348215
2007-02,0.00994610337256907,-0.0014551860069147802,0.006429794444444446,0.01146679156337899,0.0066860753593615836,0.006429794444444446,0.008250430822867872
2007-03,0.10364165454874637,0.012400499580830684,0.006245611111111112,0.05806331176477213,0.00646079786442637,0.00393436194307217,0.008750354622019459
2007-04,0.11578612910057431,-0.001386866063467572,0.006409300000000001,0.06937783001384615,0.006184068018855003,0.0019418112899153986,0.006471959168641559
2007-05,0.09977101265914248,0.02432525284634921,0.006488061111111112,0.08914692102192484,0.006439087887117592,0.007290619986990425,0.006479093417512061
2007-06,0.12514640727637005,-0.0010154935597714576,0.006645333333333334,0.09001777990732422,0.00661513047817661,0.0029131873202383695,0.008868464170513946
2007-07,0.048738747301775076,0.0007522519413913908,0.006632055555555557,0.023654047723045947,0.006642744226739219,0.006203416178406023,0.007476739360770126
2007-08,0.0715982655612688,0.026505714680342633,0.006226383333333334,0.07656589674837636,0.00697907379266,0.009038106601643975,0.007583840065247882
2007-09,0.08682443236841758,0.02333740746143636,0.0064158777777777775,0.03165777270172583,0.0069481560355756375,0.011092115965369303,0.008646535615581983
2007-10,0.08295071086261316,0.013552599857512624,0.007905664796688224,0.0384420127349717,0.007163860830218799,0.004272611479892288,0.008696379091238524
2007-11,-0.43295843762640973,-0.019622474725326182,0.003517580087470228,-0.1749448250753618,0.007502099867859192,0.0066225,0.007611307818650043
2007-12,-0.008239278079321122,0.014752868375656567,0.0130945057077454,0.008526004589080205,0.006432330082621355,-0.0018076885370894094,0.0058151334774857195
2008-01,-0.07477894184541445,0.005470421067522924,0.006090988888888889,-0.05157233668752804,0.0063436144668761124,0.006090988888888889,0.0060388341337784795
2008-02,0.13608343800009878,-0.003742826901270181,0.0057118333333333335,0.040884010295093046,0.004945584731027122,0.0057118333333333335,0.008712912143521094
2008-03,-0.27872403730441503,0.02795289025405994,0.0054671388888888894,-0.10628180899876054,0.005704433090385956,0.0054671388888888894,0.004197245623258807
2008-04,0.03147350567638568,0.0036685244107570155,0.005334905555555556,0.01360802359278666,0.005298953448756517,0.005334905555555556,0.0061313659814393896
2008-05,0.15248178920251482,-0.01599020934641197,0.005744616666666667,0.09079943517012912,0.005559302769082486,-0.003295046232070614,0.007142569764498134
2008-06,0.0718862992798456,0.018396299298336912,0.01057845261798638,0.13082735012432015,0.00660917695942097,0.0056731,0.004529978375012651
2008-07,0.14714899332577247,0.01309250192749784,0.005113806935974527,0.09793193027944544,0.005809646827454237,0.024042094998149036,0.0024771560997178784
2008-08,-0.19683432091829273,0.03446570305028298,0.0051879833333333325,0.02021104103633615,0.004998850031601914,-0.0025131624318308066,0.005835014358125957
2008-09,0.030467225623791144,-0.009740322167828894,0.005069783333333333,0.006846721385514723,0.004873621257644509,-0.0015158798374905825,0.005048236433518372
2008-10,0.11070101514092756,-0.000971602778334202,0.00776430676432936,-0.017113308446340816,0.00395323861907678,0.014231899356094497,-0.0003056577914840883
2008-11,0.03448133153711326,-0.003750406549834299,0.0030369053190964067,-0.021271960404473513,0.0023880948429837903,0.003612844444444444,-0.004030513249897525
2008-12,0.3336047424843511,0.07082342162401241,0.003264749999999999,0.24026390178241674,0.002725228194042286,0.003264749999999999,-0.002827638870495074
2009-01,0.18755480615814735,0.007506036015610478,0.003273911111111111,-0.05024512417875031,0.0034918427389473723,0.003273911111111111,0.005078887904683012
2009-02,-0.04230878618352654,0.06372286357072039,0.0026431111111111104,-0.04458083456424662,0.0050014182371714054,0.0026431111111111104,0.006100153744217872
2009-03,0.11627807814169278,-0.026037242825597773,0.0022296277777777776,0.030971414577390655,0.0025842937209266947,0.0022296277777777776,0.003364455802353089
2009-04,0.22104800073052597,0.02537292003651965,0.002971794444444444,0.1814457254035818,0.004327162877210258,0.002971794444444444,0.012398377168706922
2009-05,0.1189344233923035,0.05192235652198672,0.003438533333333334,0.07952002594786044,0.00525158651434985,0.003438533333333334,0.013967504063481784
2009-06,-0.03136261136512247,0.0008580864265108953,0.0038364876744121867,0.007454472252368575,0.005147915921562756,0.003668705555555555,0.015127424793099985
2009-07,0.2115360578258666,-0.01984725797053475,0.0038048776405263276,0.09536043244042254,0.003313668703091758,0.003836694444444444,0.000589499392688265
2009-08,0.05435368174810176,0.04337878716316612,0.004083738888888889,0.019153708319554298,0.004982804832801923,0.004083738888888889,0.0034610342711012708
2009-09,-0.04687727079075189,0.0029127860752983983,0.004266650845587615,-0.010936175435964547,0.0051411433805386006,0.004067127777777778,0.006613568163586061
2009-10,0.026088559347320336,0.00102683968385907,0.004628107820679543,0.007142661880036117,0.005272409089589018,0.004423094444444444,0.007815581384329088
2009-11,0.1777217394121758,-0.003917109988699103,0.0038354674452182724,0.12043774449126227,0.0026549159587174235,0.0042170888888888895,0.0009134221567115401
2009-12,0.02178015308385156,0.030288216028426906,0.004773783333333333,0.04494542434958486,0.0053242353859208865,0.004773783333333333,0.00760731277878888
2010-01,-0.04960294320870892,-0.05606896191383477,0.00482005,-0.11048939284391569,0.005293482502517988,0.00482005,0.0055240597897482716
2010-02,-0.04569504524077897,0.00012224417284507384,0.004500327777777777,-0.05066282242762359,0.0041413155671841005,0.004500327777777777,0.008206328425257424
2010-03,-0.0561938009412938,0.014689297048119086,0.004473638888888889,-0.030453189388091776,0.00500167079691226,0.004473638888888889,0.005868948942090259
2010-04,0.15039752452092392,0.042826820672962895,0.004720724808013063,0.11319303440531749,0.005517309511148527,0.004674638888888888,0.005170597451900051
2010-05,-0.09824483346896588,-0.00979318541234275,0.0046795058052422605,-0.08953572491114148,0.004963811838996493,0.004623983333333332,0.0072253366640024266
2010-06,0.049442588811439425,0.012531383007962667,0.003987205555555555,0.012236355682485402,0.003826620119934957,0.003987205555555555,0.004460712735516997
2010-07,0.20476378410972157,0.016671816971911217,0.0035234417027473555,0.17005270911566187,0.0029837498807987668,0.0035812055555555543,0.004484504166476532
2010-08,-0.013236124242176461,0.011630919465789574,0.0038114611111111116,-0.003467978781197702,0.0042936974466795405,0.0038114611111111116,0.0050262801179493674
2010-09,0.010233378095548876,0.005843932804163816,0.0035651499999999996,-0.016175834886160846,0.0035606036283090258,0.0035651499999999996,0.009793395893418393
2010-10,-0.019966106214559458,0.03065094574531748,0.003856711111111111,0.009837929930051899,0.005107746233949661,0.003856711111111111,0.005548794058318082
2010-11,-0.036451045817677816,-0.0005179274752891115,0.004116533333333333,-0.015298327154930916,0.0044697270789943455,0.004116533333333333,0.004374299402940798
2010-12,-0.014243606274209897,-0.016106306401410676,0.0038935888888888886,-0.05771160228058089,0.004641948077637167,0.0038935888888888886,0.007863807543313634
2011-01,0.13681948158411997,0.00444622336756922,0.004194766666666666,0.01804275383359906,0.005036970551312107,0.004194766666666666,0.00546703564274485
2011-02,0.19724913658763266,0.0035827836260467634,0.004154144444444444,0.07913552170943236,0.004158644471912558,0.004154144444444444,0.005238270469306052
2011-03,-0.05772450251173497,0.004964215961178402,0.0042998111111111105,-0.012503022829837004,0.004597743814657756,0.0042998111111111105,0.0051375827161978735
2011-04,0.08424922761097912,0.0043765008830207374,0.004271144444444445,0.07084315342928946,0.004733854554449212,0.004271144444444445,0.007516189701668789
2011-05,-0.0036459510608513462,0.004118496423759186,0.004376188888888889,0.016773021533101437,0.0041479084727434334,0.004376188888888889,0.005556835671894754
2011-06,0.047749945497461796,0.0036788562836361565,0.004196355555555555,0.03633388306398526,0.003968518264159837,0.004196355555555555,0.006579885583481967
2011-07,-0.017673541357284918,0.0034462249352098387,0.0041037277777777785,-0.020801041432518475,0.0036356855346547636,0.0041037277777777785,0.0028851077231182693
2011-08,-0.11455524927124154,0.004265477777777778,0.004265477777777778,-0.07442564727399692,0.004915272946181607,0.004265477777777778,0.011068467000797878
2011-09,0.19112345178969917,0.0038640833333333335,0.0038640833333333335,0.20001426915051754,0.002979359862714139,0.0038640833333333335,0.004475910073078569
2011-10,-0.20614322540416963,0.003187011111111111,0.003187011111111111,-0.16630651175710362,0.0013338983396948617,0.003187011111111111,0.0007695779485729082
2011-11,0.03902650523158896,0.0036671000000000004,0.0036671000000000004,0.04511592808094133,0.004802577912688741,0.0036671000000000004,0.005186407188787127
2011-12,-0.12131643813170351,0.0015129595890233626,0.0032500555555555555,-0.05948245672198477,0.0027948488860580533,0.0032500555555555555,0.003892994056477524
2012-01,-0.16617149952105603,0.003437972222222223,0.003437972222222223,-0.12745116996038325,0.002478855271007069,0.003437972222222223,0.000978341124971316
2012-02,0.03696598634371867,0.003365072222222223,0.003365072222222223,0.04292102401492695,0.004963788003246186,0.003365072222222223,0.01358921750887072
2012-03,0.004900720231031164,0.00829301725682548,0.007070910419121501,-0.04318060078241523,0.004181755878364777,0.003584455555555556,0.006650348257746194
2012-04,0.01577889610194834,0.004022533333333334,0.031361046008772,0.07689705166633248,0.004052251925967701,0.004022533333333334,0.0055591255065130536
2012-05,0.06457464370510492,0.003678044444444445,0.012538179327173753,0.02799807070955025,0.003312876923135237,0.003678044444444445,0.0029693590732656904
2012-06,0.1967511423325902,0.0030314277777777785,0.0030314277777777785,0.20235728793287314,0.0018704645350355543,0.0030314277777777785,0.0019521152721567203
2012-07,-0.12886184343331533,0.0030373277777777773,0.0030373277777777773,-0.04450238734214377,0.0032719553683790317,0.0030373277777777773,0.005340002840919683
2012-08,0.05577722231811465,0.002694411111111111,0.002694411111111111,-0.01644011312782268,0.0024458733040709987,0.002694411111111111,0.0009422328971371132
2012-09,-0.0327335296655263,-0.0008803512690373581,0.003148405555555555,-0.0736726581361201,0.003539461988885782,0.003148405555555555,0.004221942938765322
2012-10,0.017299888777137798,0.0030124833333333334,0.0030124833333333334,-0.003880248095612644,0.0032916599959310995,0.0030124833333333334,0.0047979890870678745
2012-11,-0.013817295509220132,-0.0073036036965836906,0.003117305555555556,-0.011487899815248954,0.002215041528110635,0.003117305555555556,-0.002270533236445319
2012-12,-0.011585176160433489,0.024484051166849687,0.0029106666666666677,0.03669247077930121,0.0032865233405652483,0.0029106666666666677,0.0037698994062134814
2013-01,0.03871773233357445,-0.025924884444083682,0.0028887833333333343,-0.0716210831511079,0.00284360323640711,0.0028887833333333343,0.0018072886169329134
2013-02,0.08292075030640161,0.003136933333333334,0.003136933333333334,-0.0021995936524887294,0.0033908962504890796,0.003136933333333334,0.004564356088548617
2013-03,-0.019627779789230804,0.0028311388888888895,0.0028311388888888895,0.048235403502140534,0.0029723817952304905,0.0028311388888888895,0.005767524043187739
2013-04,0.014213447724386485,0.002776405555555556,0.002776405555555556,0.031098868603528975,0.0030031246847492784,0.002776405555555556,0.006364504508155678
2013-05,0.21150306849580153,0.0028466611111111107,0.0029076981935497077,0.10074157132979933,0.002963935486771722,0.0028466611111111107,0.0037984474947118157
2013-06,-0.10055474598881742,0.0030955166666666663,0.002873400568495245,0.02602749700121501,0.003974224838615461,0.0030955166666666663,0.004067396223208642
2013-07,-0.10362029739020562,0.0028151222222222217,0.0028151222222222217,-0.022540871771348087,0.002944568465657893,0.0028151222222222217,0.004452002482622023
2013-08,0.03542736820158299,0.0010076597764813568,0.003175016666666666,-0.023835698307874204,0.00354272557244197,0.003175016666666666,0.006217404855216662
2013-09,0.07876283068921353,0.007832828183490032,-0.0065476738726612865,0.03270838993817167,0.004367777617273868,0.0045641437980277234,0.009355860533720187
2013-10,0.2045612785445426,0.0019309789678529326,0.007349812658864779,0.10196900978792948,0.004325721312373338,0.0036822444444444442,0.006163015432577014
2013-11,0.09335706082983958,0.005169173289741168,0.003622078146604772,0.04728613898825264,0.0031188238822425223,0.005765780176594996,0.004250812515936603
2013-12,0.08201674263971642,0.0021327433655091536,0.01584088310057341,0.0748316566656212,0.0037729168502881167,0.018323981480694813,0.004483723261248437
2014-01,-0.12924741072276896,0.003144848660595099,0.0058487290314472775,-0.08085278389862792,0.00367579999445475,0.009588025127784925,0.005539788598483522
2014-02,0.06625599336737611,0.002777916666666667,0.013553917516800185,0.05789989846574259,0.004106176440587553,0.005405345878430371,0.009386084465951555
2014-03,-0.024281818207253447,0.00527127322469214,0.007116242931622556,-0.03420748217309855,0.00392728344613552,0.003228983333333334,0.006899070696218518
2014-04,-0.0041980329191462495,0.0017319158879233183,-0.0019167906002951225,-0.006930091599039474,0.0016122870912002952,0.003205939662198137,-0.004492525978872282
2014-05,0.03155805493728317,-1.3954469372667085e-05,-0.0038372498445108927,0.006323301320538504,0.0018574186103550527,0.002929388888888889,0.003080739205584289
2014-06,0.02445714758330414,0.0040634434383572515,0.015411215183248117,0.04308949071710266,0.003687278099760276,0.003206433333333333,0.006981449571583302
2014-07,0.17123202003911575,0.006627587631136321,0.006876228174159418,0.051645294745917676,0.004282701025005895,0.0030408999999999996,0.008155543954535835
2014-08,0.053327569451189494,0.0012362907313822583,-0.00942745502782702,0.032353777745540414,0.0025557494479896553,0.0031522666666666662,0.002922550715681519
2014-09,0.0806545045388283,0.004470100739383875,0.009597161129973756,-0.02442766518459891,0.003824029703877657,0.0034227166666666664,0.007611666924621153
2014-10,-0.043808854167107114,0.0043253118464673815,0.013407943038225465,-0.012682196846796369,0.003386078235932957,0.0035229999999999997,0.00383860872709211
2014-11,-0.05951253818854038,0.0007212703661324581,0.0035981512297697193,-0.024521595062072875,0.0033880348301811043,0.003320966666666666,0.0077619858995611616
2014-12,-0.08922662069020645,0.015622259358209078,0.0075372989323274206,0.006207766681561465,0.003129012665955706,0.0033787944444444444,0.002524551281656064
2015-01,0.023866560859049438,0.02157397373604412,0.01667024096626486,0.03834436183596203,0.0033328244727107202,0.003041838888888888,0.0027335654690402757
2015-02,-0.20099530956071043,0.000304141367064162,0.005047794890335382,-0.1140801352593289,0.004051371044307166,0.0031768388888888887,0.011022258306609987
2015-03,0.1152636899308386,0.009370361787508066,0.006796375909978863,0.013050875017237507,0.004745904441291667,0.0036142500000000003,0.0074647313624382605
2015-04,-0.04364526377262399,0.0007501073062592565,0.0007823652892881118,-0.03378877852047944,0.0035133531870917977,0.0030099111111111113,0.0065333216893775255
2015-05,0.043603247767227266,-0.016528233585296332,0.0004179074823937802,0.052150931676846285,0.003646873972215868,0.0032614888888888886,0.009075923123949186
2015-06,-0.04381747789081253,0.01681637877931859,0.0032752510932061796,-0.008638372727146695,0.004136906512914772,0.003482744444444444,0.005046028170502222
2015-07,0.02027097513620263,0.0017098200836862835,0.0029945913883036124,-0.01024153610104442,0.0036259905176705283,0.003251844444444444,0.0030054671556699847
2015-08,-0.12452427454225118,0.023400633544986275,0.011338147854022174,-0.10212505111432968,0.003719046959313322,0.003467911111111111,-0.00018027712910668146
2015-09,-0.01578150972285776,0.003183310351894544,-0.0007227555873785237,-0.03058551484226004,0.002499056441208565,0.0028142055555555553,0.0064606765787383925
2015-10,0.0141290549433353,0.009210287080336919,-0.0027737515229986527,-0.007451115182289357,0.0017785277958811603,0.002995544444444444,-0.0057962151162964295
2015-11,0.12064556760037606,-0.0066059306827664244,0.004664040254636124,0.011818143964374934,0.0038110117047970397,0.00351315,0.006482518695718451
2015-12,-0.0006032770019600148,-0.0011546515638247035,-0.0020039981680369887,0.003925079706321301,0.004632230249398109,0.003995044444444444,0.005965192700794856
2016-01,-0.010448471541613047,0.002898648583072717,0.002418087567215883,0.0007552377805496238,0.00423532009929831,0.003905783333333333,0.004666954048542992
2016-02,-0.022847957364055996,0.008884114319972235,0.00569243180812903,-0.0075234022815799245,0.0017937390866960311,0.0034826055555555544,-0.006660267549122986
2016-03,0.08412013284958542,0.028020451810447343,0.01097168109740506,0.06999764993571543,0.003984022242084098,0.003998216666666666,0.005538577942591056
2016-04,-0.0110892620084041,0.012174724206111716,0.01126823985639839,0.034337720126969035,0.005289504118144448,0.004748472222222222,0.004227394739908744
2016-05,0.03315039127584529,-0.013191299849998103,0.004358044444444444,0.028279371692407122,0.005203758164563456,0.004358044444444444,0.010446114082225849
2016-06,-0.07851726346970778,0.010173878491190563,0.004439866666666666,-0.053479319966929714,0.0049801583147144465,0.004439866666666666,0.012671881058911299
2016-07,-0.03233101916671749,-0.0108239221681169,0.004605311111111111,-0.014869476002482422,0.003968490822766091,0.004605311111111111,0.005703772570832524
2016-08,0.019862708480710617,0.00702846035848815,0.004875799999999998,0.00987468814496727,0.0054314701546086,0.004875799999999998,0.002952614410278315
2016-09,-0.11361669841227605,0.018071678357425524,0.005251255555555555,-0.11090350997420188,0.006074022429249269,0.005251255555555555,0.00832414939969423
2016-10,-0.0087528624870864,0.0032481881533732923,0.005802763270311642,-0.030814768472629796,0.005869057459564081,0.005714627777777776,0.012400601855974427
2016-11,0.1263836182171886,-0.015172615149356845,0.0037280227075627884,0.05331987811870315,0.00490522564421424,0.0055174944444444434,-0.005964738304264703
2016-12,-0.11737323033464156,-0.027657471823939836,0.005287633333333333,-0.07993047812321974,0.005228113717384357,0.005287633333333333,-0.002326951902475844
2017-01,-0.04858150565308014,0.009494045853302758,0.0053507055555555546,-0.030529803352859992,0.0054230230139323135,0.0053507055555555546,0.0025980071965781273
2017-02,-0.1070673648744869,-0.014313603264659747,0.005835540327452571,-0.10205603785261641,0.0054048668044558105,0.005543527777777777,0.013582924834273367
2017-03,0.11569987882070384,0.01738297143201972,0.005875972222222221,0.07011947337368284,0.006038560340359789,0.005875972222222221,0.00677475620784324
2017-04,-0.00961843876453286,0.0055230780502273135,0.005682044444444444,0.0304031978929066,0.005645553527187184,0.005682044444444444,0.010706534566559692
2017-05,-0.017679074272410986,0.011913736971769319,0.006085333333333332,0.00044148424810904613,0.0060812434305906075,0.006085333333333332,0.01488042715756743
2017-06,0.1606947965915405,0.020132337812747765,0.006213955555555555,0.05195638009786898,0.0060072772788500855,0.006213955555555555,0.008841433313429618
2017-07,0.002874133596116324,0.011255131750334445,0.00664643888888889,-0.013399426102930687,0.007235565172996928,0.00664643888888889,0.00936527804916254
2017-08,0.06622394948023946,0.008564267592154614,0.0071769,0.05617687158554112,0.006922300281916491,0.0071769,0.005737808969007822
2017-09,0.07237048065905649,0.00860117373363082,0.007152883333333334,0.06829808657125715,0.0066448167434402985,0.007152883333333334,0.002825498571340408
2017-10,0.12152559760799149,-0.009547372511565868,0.007872411111111113,0.1144058721182368,0.008036284422184308,0.007872411111111113,0.00865328337873135
2017-11,0.05869369307444225,0.004864799940672852,0.007517038888888888,-0.01710628213843211,0.006732142820584647,0.007517038888888888,0.0028300137436718456
2017-12,0.04629779596456124,0.023227854502270426,0.007365761111111111,0.03842690014090389,0.007772774704950067,0.007365761111111111,0.00992003920758036
2018-01,0.05039847971031847,0.008068443122824984,0.007755666666666666,0.046509482553800705,0.008175729283851808,0.007755666666666666,0.009158777760962883
2018-02,0.09900196420318727,-0.013036310820256804,0.008225327777777776,0.01759321548192318,0.007336789173304364,0.008225327777777776,0.003796559298277564
2018-03,0.15197534861684922,0.00804939138024258,0.008099688888888887,0.109619077923244,0.00731506112196351,-0.0018331977559637117,0.006948975136745741
2018-04,0.037207483649746825,0.028291335173856867,0.008066934054235838,0.033281691220158935,0.008423036550817236,0.010536509486070404,0.013796725348138555
2018-05,-0.09715402476766274,-0.0033011984452757763,0.0076748291600839645,-0.019775464471744587,0.007401000995104713,0.004832473827440682,0.005899277173274662
2018-06,-0.05219741285272724,-0.005072444839081664,0.007748728148570146,-0.004871191322269911,0.007409685823719542,0.009850352696454272,0.015090342595096399
2018-07,-0.06567936716141731,0.004703904218613934,0.007644859429118628,-0.05267595712090596,0.007408076278258412,0.007256922222222221,0.015405953655740356
2018-08,-0.08428929874245769,0.00033071002808546593,0.009002233272927498,-0.053228895707444976,0.0075015960986391335,0.007358655555555555,0.008144805386669132
2018-09,-0.018116061816916523,0.004308059223145068,0.005564766466492161,-0.016220708834672914,0.006815325017441007,0.007427772222222222,0.02164404817479535
2018-10,0.09534702512970142,0.0032998768684262304,0.007889450035450609,0.06964604249509765,0.007253759271823427,0.007512077777777777,0.0051497332838134815
2018-11,0.08809374074931232,0.008061454353612257,0.007504060135397827,0.05949754576674914,0.00676813727500959,0.0068166944444444455,-0.0033904544315868593
2018-12,0.0936474688247283,0.008527433543363196,0.006765753123588063,-0.017656834669263304,0.006495295202428233,0.006868877777777777,0.002157845624689427
2019-01,0.031451929718345525,0.018723285255431377,0.0037530008521555634,-0.001923216882424611,0.005163748182291126,0.0060715111111111116,0.005377690725893358
2019-02,-0.6638874607826399,-0.007864673393560482,0.013707345657050864,-0.34916256641669136,0.008255921707418198,0.0064100166666666665,0.02296613284200954
2019-03,0.07474181326115967,0.016365259123906465,0.007179624458021751,0.08055195495540439,0.007078895257097547,0.006499488888888889,0.019021540665775785
2019-04,0.08597248375029366,0.02703005650090058,0.009390446685503914,0.07950706846281211,0.006641184856831576,0.0066856722222222225,0.014483966785487537
2019-05,0.10175979393199457,0.019077926656305994,0.010770991897407071,0.08183347620921948,0.007276274970428519,0.006990744444444445,1.600880676846418e-05
2019-06,0.29081475792032063,0.0040790385823956075,0.004218357368000045,0.08929678586600068,0.0053499870243969225,0.006555655555555555,0.0034687977968144686
2019-07,-0.0918804534198081,0.010041635590463395,0.011152759790747594,-0.05305679793672437,0.007447472487582311,0.006828283333333333,0.01648714189407944
2019-08,0.06855334165286706,0.01016128861433405,0.0049804307758644535,0.05619445608879485,0.006896366922695262,0.00708748888888889,0.0031222031927976273
2019-09,-0.12466950704208174,-0.0035477439729085115,0.0034724024992143117,-0.10364701632969671,0.005216110340928122,0.0069742,0.002278647953654453
2019-10,0.03913359526157918,0.008189036799986962,0.009274975593130688,-0.02237100378439591,0.007608302447425561,0.007014611111111112,-0.0011259761151022271
2019-11,0.09470259019703386,0.009612606504982257,0.005691460655347003,0.0387927200285933,0.006994671315563684,0.007049322222222222,0.010417447765329432
2019-12,0.060926553852083995,0.009950012446485516,0.007547538901666369,0.02738559037315185,0.007468174854840038,0.007026805555555556,0.018614709088340918
2020-01,-0.12089060955060145,0.003471106737759754,0.008796837736564509,-0.06556728221644735,0.007699053997847972,0.007005988888888888,0.00642243276801553
2020-02,0.16566570142949683,0.014689814273307775,0.00803601142611799,0.17201463661873373,0.006903195769587117,0.007140611111111111,0.023609543083594822
2020-03,0.17757173910551166,0.016732350122738424,0.008497403688859508,0.0906213067750034,0.006329954037574149,0.006570477777777779,0.01595102104306518
2020-04,-0.35878580916820535,-0.06228773680088272,0.003176630179684293,-0.16705417646098328,0.0009760214582069283,0.005993494444444445,0.007459619042899835
2020-05,-0.10015391566016552,0.020527445463665618,0.006818726668488554,-0.15609002788735976,0.007275202979438338,0.006826361111111111,0.014928272292393767
2020-06,0.41776818019747525,0.009882805346703005,0.0072883516033456636,0.15112218939198419,0.006628814197185447,0.0069270500000000014,0.015241557198400684
2020-07,0.21602120297144956,0.013679661307825804,0.007808914380890779,0.21573197245683412,0.0074681588931703406,0.007042777777777778,0.00330053527570993
2020-08,0.2083245317526283,0.00020319026684526443,0.006332887290931806,0.05879546022400149,0.006555323705042487,0.007164144444444445,-0.0013646558758952498
2020-09,0.04233326008891053,0.012283447554831347,0.0077008114768758835,-0.05424637841217297,0.0069451195132985,0.007631516666666668,0.009926413831647628
2020-10,0.16423063314926487,0.013910459585402872,0.007343787950300464,0.12823129282307982,0.007633608410413591,0.007390305555555556,0.01252214457292741
2020-11,0.04216538628742335,0.013567180655254866,0.009776013342683687,0.00900738406955449,0.00791767852294462,0.007345099999999999,0.0031096818881503237
2020-12,-0.7436705906600196,0.0073654321010277815,0.004984165674535251,-0.21767338754813176,0.009566230741267738,0.00775685,0.015823822224423217
2021-01,0.11076765342164378,0.03550270702188553,0.02413809667320059,0.029552049180677383,0.00840591239739221,0.006518158138200908,-0.004035762025971761
2021-02,0.05041001655312971,-0.025741899960774847,-0.004845205159456581,0.08030406927648431,0.008090003808897489,-0.00747915005981508,0.005188968676615298
2021-03,-0.08526499672142496,0.05637072942771303,0.01231084575302095,-0.008624146255719424,0.009813254554657954,0.025827414381976797,0.0008110763412351781
2021-04,0.14375783293874672,0.016685532159398324,0.007981565708175441,0.0031636980592944126,0.007954624616363244,0.012582793356367316,-0.0033271904232747788
2021-05,0.04435154058598795,0.010551574026366707,0.007967293350230177,0.04511519734837278,0.008101249599679172,0.003893431068495075,0.008957706079303455
2021-06,0.04831770625209897,-0.019250993585292517,0.0012402206251536157,-0.007279736133720849,0.008751861499081665,-0.0009292601986136372,0.0064363461469035144
2021-07,-0.36410219518402814,-0.015587179652111831,0.007868634672347842,-0.1243081337459577,0.008483092137516595,-0.0030599963205495523,0.024871871012969546
2021-08,0.057765693840783325,0.0451953712386711,0.0076427119265554105,0.1774627690079053,0.008084350162048998,0.008901394444444445,0.0031774663765914615
2021-09,0.03059202377599976,3.7166978645952406e-05,0.008886033462661065,0.0019142274252418809,0.008842716593254758,0.0008413032390711984,0.0073672973146847055
2021-10,-0.020350716218980464,0.013230872424757827,0.00930990483054309,0.04638206814945989,0.00881486871254495,0.01297575749880568,0.0056508324819542054
2021-11,0.09806980400023493,0.003931913628131089,0.00923237134893812,0.16838044437134037,0.008461198579586632,0.017744799397649065,0.008746337381111864
2021-12,-0.03535485276189303,0.008853196929531905,0.008569778496738947,-0.043000902442427484,0.007674424176665403,0.002090527620286285,0.008610527573158016
2022-01,0.08351604752159072,0.04721510329470895,0.009107134047543767,0.1531337239271458,0.008678892758847027,0.008881644444444446,-0.0017606574058913263
2022-02,-0.36254654241647216,0.01438279634471619,0.008530777777777778,-0.09633502599092807,0.008434489054366976,0.024254283980981308,-0.011748849266586397
2022-03,-0.01527201182848792,0.011553954363567268,0.008496305555555556,-0.05978856346258975,0.008529769052094103,0.008496305555555556,0.002515994256018144
2022-04,0.04147710802136115,0.009913562784151527,0.008669811111111111,0.057986023675996576,0.008160089196645964,0.008669811111111111,0.01102573508491447
2022-05,0.2068712427069639,0.0005647039245741062,0.007962772222222221,0.1348533700049935,0.006593970527094457,0.007962772222222221,-0.012202802025079075
2022-06,-0.4105178121752968,0.0006302841414668678,0.007794522222222222,-0.28391992689200723,0.007525040391926383,0.007794522222222222,-0.006589188612755956
2022-07,0.5506640102580573,0.008062322737799865,0.00745195,0.32135277979863947,0.0075590433951980155,0.00745195,0.016280406688590973
2022-08,0.07340090583796374,0.01198396954999894,0.008163966666666666,0.07971325238041252,0.009671209089862902,0.03783423867035992,0.026853277001504822
2022-09,0.03801003993205977,0.011201066866272803,0.007869027777777777,0.02388808541376866,0.008692281149475173,0.007869027777777777,0.011401553319400426
2022-10,-0.14740320219254474,0.0017828676270950326,0.007159788888888889,-0.07088686885209156,0.0060417012176881895,0.007159788888888889,0.005413689817525252
2022-11,0.10209089809080302,-0.0015215477416524199,0.007514166666666666,0.1673562040692922,0.006752298776803824,0.007514166666666666,-0.005296143545894633
2022-12,0.07602382828569473,0.009445898054016948,0.00804776111111111,0.12017741289926953,0.00880104136264165,0.00804776111111111,0.004696066546611568
2023-01,-0.3581407863640449,0.008755373693222978,0.007751827777777776,-0.059762265603963804,0.007508505399020396,0.007751827777777776,-0.003284380063088869
2023-02,0.30110967128494964,0.03149822774537143,0.00843836111111111,0.22091800217507582,0.010039734857565838,0.00843836111111111,0.015924256927802742
2023-03,0.40073696982159246,0.008903541845454891,0.00846643888888889,0.11462880406578033,0.007728737560825665,0.00846643888888889,0.011073336372829541
2023-04,0.024035762696182378,0.011558763366248035,0.008682988888888889,0.03669212395952531,0.008934206657002779,0.008682988888888889,0.02042552412634685
2023-05,-0.14344639462017827,0.006599850463107725,0.008486800000000001,-0.10603850731148565,0.00867354376243307,0.008486800000000001,0.005341749220167196
2023-06,0.26061744498228967,0.003418784902856971,0.008434133333333333,0.0756800065994743,0.008649526762382048,0.008434133333333333,0.02085328596620221
2023-07,0.17189997485924052,0.015737502987781198,0.009253544444444444,0.07375453003063329,0.009120056299965538,0.009253544444444444,0.012318619639110948
2023-08,0.09571408728172273,0.0019385654754867747,0.00945357777777778,-0.03370645628502445,0.009464554370653074,0.00945357777777778,0.009832327629226369
2023-09,0.32882320369428586,0.007355300052315348,0.009267027777777779,0.20641478100982058,0.009110387668471456,0.009267027777777779,0.005574546413008841
2023-10,0.09799425679526455,0.04628857819935532,0.009462033333333333,0.045507933877979634,0.008978621396086791,0.009462033333333333,0.00530682040823578
2023-11,-0.12240101661286812,0.010251144444444443,0.010251144444444443,-0.011088189332489548,0.009597727799877444,0.010251144444444443,0.007695899202254038
2023-12,0.30406430927641864,0.011141233333333332,0.011141233333333332,0.16091400030096295,0.010997721786529583,0.011141233333333332,0.01146055753225705
2024-01,-0.09259392739624836,0.01130351666666667,0.01130351666666667,0.008170951690532481,0.011391022383027196,0.01130351666666667,0.012597179171485775
2024-02,-0.195017315297541,0.011824327777777777,0.011824327777777777,-0.0697284580534157,0.011337382592438612,0.011824327777777777,0.009298351678061657
2024-03,0.06635162668273796,0.012671655555555557,0.012671655555555557,0.0794343637849571,0.012810782703073599,0.012671655555555557,0.01349754199951812
2024-04,-0.059381798122442056,0.01234097222222222,0.01234097222222222,0.013288687412920167,0.012028227138029177,0.01234097222222222,0.009071328182328597
2024-05,0.004593509858542594,0.01708906274667768,0.011570805555555556,0.00790270432947021,0.011837274571428295,0.011570805555555556,0.011947951804951977
2024-06,-0.05249477147251545,0.009910825444298232,0.01061787206716808,0.06751900236263926,0.011269873604304368,0.011517422222222221,0.011782533146694836
2024-07,0.12842043940753944,0.010524037848690196,0.011464518221332558,0.10033937419657224,0.012298733198298774,0.011688105555555555,0.011767012249315614
2024-08,-0.041755055024041754,0.01262874328819762,0.011376440422489854,0.005388066162172923,0.011168980985947078,0.011317361111111111,0.011828593290026472
2024-09,0.22060602446229113,0.011850320155661271,0.011941478634351538,0.16385229346422447,0.01170132317639059,0.011233094444444444,0.01200272633930872
2024-10,0.3810251539730801,0.005677304058077548,0.0077476398494850185,0.15303127751334153,0.01108122011570474,0.011135244444444442,0.011474806830355337
2024-11,-0.24728464676380357,0.009498089586806474,0.010184738680655551,-0.1770156220046371,0.010823780362617913,0.011166738888888889,0.011051612055999395
2024-12,-0.14825525305887216,-0.002583318853591643,0.0021031640129658535,-0.08424635766820437,0.010496136627978077,0.011145422222222222,0.012194668027072126
